date,open,high,low,close,volume
2022-02-02,2789.62,2814.1,2613.42,2682.66,256394.56721487
2022-02-03,2683.09,2729.01,2572.66,2697.59,197429.85205996
2022-02-04,2697.59,2999,2672.84,2998.19,275254.72885163
2022-02-05,2997.63,3063.48,2957.98,3014.5,159547.93620619
2022-02-06,3014.83,3076.25,2950.26,3058.22,80118.01843273
2022-02-07,3058.21,3199.08,2995.22,3141.89,232464.2844524
2022-02-08,3141.84,3234.67,3027.56,3119.57,215565.05621758
2022-02-09,3119.91,3274,3057.16,3246.22,159305.14378693
2022-02-10,3246.28,3284.75,3057.81,3074.85,221267.33665333
2022-02-11,3074.84,3140.86,2879.34,2929.08,268537.66433701
2022-02-12,2929.09,2987.62,2857.11,2919.99,113168.17322545
2022-02-13,2919.86,2955.65,2836.47,2872.84,82968.08334438
2022-02-14,2872.83,2966.53,2830.01,2931.01,176105.13710553
2022-02-15,2931.17,3199,2911.87,3186.24,180355.80323661
2022-02-16,3186.24,3190,3043.41,3124.45,148463.93058713
2022-02-17,3124.44,3162.35,2853,2893.56,210090.91381776
2022-02-18,2894.52,2945.98,2752.67,2780.08,197402.29756962
2022-02-19,2780.05,2833.3,2696.39,2764.44,111215.14420451
2022-02-20,2764.53,2765.24,2575.75,2622.47,165033.10298905
2022-02-21,2622.47,2760.71,2559.77,2569,235808.75914421
2022-02-22,2569.6,2667.28,2500.74,2637.98,241082.81650581
2022-02-23,2638.2,2756.9,2576.69,2580.97,189232.9352146
2022-02-24,2580.54,2750,2300,2597.42,495732.46045534
2022-02-25,2597.39,2837.23,2572.23,2769.52,232940.26531533
2022-02-26,2769.24,2880,2728.53,2780.71,118737.45939774
2022-02-27,2780.76,2836.26,2558.48,2618.01,193491.83696032
2022-02-28,2617.79,2960.25,2570,2923.08,273216.3610563
2022-03-01,2922.87,3040.7,2855.29,2977.72,249644.25411598
2022-03-02,2977.72,3045,2914.9,2948.56,231625.47605833
2022-03-03,2948.58,2972.07,2785.01,2833.66,191801.94423344
2022-03-04,2833.71,2835.95,2575,2623.07,264628.67091773
2022-03-05,2623.08,2685.93,2589.93,2665.77,74795.81490054
2022-03-06,2665.94,2677,2536.4,2550.77,81556.05091403
2022-03-07,2550.46,2649.81,2445,2491.58,209566.73792961
2022-03-08,2491.29,2626.16,2480.33,2576.72,192900.83723166
2022-03-09,2577.11,2774.26,2567.98,2727.6,178230.29132363
2022-03-10,2727.86,2734.33,2553.42,2608.22,181463.07885867
2022-03-11,2608.46,2679.56,2523.28,2556.42,155353.98026641
2022-03-12,2556.39,2617.83,2552.52,2569.3,56451.09317314
2022-03-13,2569.09,2603.56,2492.98,2516.41,71303.49491982
2022-03-14,2516.42,2609.56,2499,2590.23,133881.30167965
2022-03-15,2590.12,2670.53,2508.05,2619.15,161601.50858275
2022-03-16,2619.01,2789.58,2604.32,2774.89,211196.06612638
2022-03-17,2775.16,2839.59,2747.77,2814.67,228315.81827779
2022-03-18,2814.62,2987,2768.25,2939.17,226096.28101747
2022-03-20,2952.35,2965.94,2819.18,2862.44,103674.36633811
2022-03-21,2862.44,2965.26,2832.97,2891.08,148907.41126764
2022-03-22,2890.78,3053.98,2887.79,2970.51,192172.55035781
2022-03-23,2970.51,3046.99,2920.64,3038.93,212170.39198444
2022-03-24,3037.82,3130.41,3003.51,3112.52,248655.86785905
2022-03-25,3112.95,3195,3076.18,3104.15,220943.39724511
2022-03-26,3103.91,3154.47,3086.2,3146.22,69714.86952634
2022-03-27,3146.33,3299.99,3127.74,3296.29,122475.83176341
2022-03-28,3296.24,3437.24,3275.57,3334.47,237110.16743972
2022-03-29,3334.19,3483.87,3331.23,3401.71,174573.96933975
2022-03-30,3401.7,3448.62,3333.87,3386.68,135283.45551922
2022-03-31,3386.69,3447.03,3260.99,3283.08,168597.71177893
2022-04-01,3283.08,3482.42,3211.66,3456.48,213450.79609118
2022-04-02,3456.25,3532.85,3433.31,3445.38,117055.44343232
2022-04-03,3445.25,3581.6,3413.66,3522.78,100873.78414588
2022-04-04,3522.51,3548.51,3405.79,3520.66,155953.23125025
2022-04-05,3520.5,3555.48,3395.8,3407,166478.13322904
2022-04-06,3406.99,3408,3161.64,3168.52,311364.33037265
2022-04-07,3168.1,3269.56,3143.07,3227.56,157725.46332848
2022-04-08,3227.26,3313.79,3173.48,3192.54,137312.60396565
2022-04-09,3192.54,3269.74,3181.8,3258.99,48962.32688662
2022-04-10,3259.45,3309.28,3189.92,3203.05,58700.63987676
2022-04-11,3203.05,3214.88,2950,2979.55,238180.41734881
2022-04-12,2979.32,3089.87,2950.35,3027.82,201291.80136702
2022-04-13,3028.27,3129.92,2997.5,3119,135126.03200322
2022-04-14,3119.01,3145.19,2976,3021.78,131077.99214911
2022-04-15,3021.68,3058.99,2993.29,3040.19,75091.03161864
2022-04-16,3040.41,3086.83,3010.67,3060.35,46446.22013313
2022-04-17,3060.35,3082.96,2981.52,2988.4,67328.66942615
2022-04-18,2988.09,3071.26,2880,3056.19,165766.83949602
2022-04-19,3055.86,3132.47,3029.58,3102.26,117657.24244335
2022-04-20,3102.44,3169.29,3032.72,3077.06,117310.39372033
2022-04-21,3077.16,3179.74,2940,2983.94,173634.26729666
2022-04-22,2983.72,3033.76,2933.13,2963.05,147896.5340014
2022-04-23,2963.03,2979.57,2917.34,2933.44,50757.61746238
2022-04-24,2933.45,2968.31,2911.9,2921.96,47964.59818886
2022-04-25,2921.7,3026.93,2797.51,3007.22,231201.08128973
2022-04-26,3007.24,3038.6,2766.77,2809.26,191167.43185373
2022-04-27,2809.5,2920,2794.23,2889.78,172782.71761809
2022-04-28,2889.78,2980.36,2853.83,2935.91,167061.01272126
2022-04-29,2935.97,2946.68,2775.51,2816.94,204389.17477782
2022-04-30,2816.77,2842.08,2716.4,2726.59,98131.72028071
2022-05-01,2726.37,2849,2716.79,2824.86,98806.09499191
2022-05-02,2824.79,2883,2776.26,2856.21,205159.66957242
2022-05-03,2856.3,2861.73,2753.66,2780.34,156812.90555596
2022-05-04,2780.35,2969.86,2770.02,2939.98,173451.30953603
2022-05-05,2939.98,2953.73,2687.88,2747.43,194599.9120659
2022-05-06,2747.46,2757.78,2631.97,2691.72,184926.26187383
2022-05-07,2691.89,2703.61,2585.79,2634.8,75304.26885485
2022-05-08,2634.57,2641.4,2482,2519.1,136224.22284735
2022-05-09,2518.82,2529.47,2222.22,2228.5,470978.69055761
2022-05-10,2227.74,2458.09,2198.24,2340.51,464832.53812722
2022-05-11,2340.66,2451.12,2000,2075.93,562341.54813863
2022-05-12,2075.55,2188.14,1701,1954.39,803672.07576455
2022-05-13,1954.27,2145.56,1934.61,2005.48,336488.21225639
2022-05-14,2005.69,2066.4,1941.57,2053.33,118520.23264436
2022-05-15,2053.43,2164.17,1997.44,2142.69,100927.05806766
2022-05-16,2142.74,2142.82,1976.22,2020.58,188600.42878138
2022-05-17,2020.57,2120,2005,2088.96,153232.48671811
2022-05-18,2088.95,2108.8,1905.24,1911.98,180708.34004634
2022-05-19,1912.04,2039.52,1900.1,2017.57,206357.25885445
2022-05-20,2017.36,2062.45,1919.56,1956.58,197708.34053418
2022-05-21,1956.57,1988.3,1935,1972.64,54572.49166422
2022-05-22,1972.64,2054.01,1963.4,2040.92,81822.31011257
2022-05-23,2040.91,2087.6,1954.4,1971.06,202518.25742473
2022-05-24,1970.85,1991.51,1909.51,1978.15,163986.41926361
2022-05-25,1977.94,2020,1932.12,1940.83,164438.55615099
2022-05-26,1940.48,1963.68,1734.5,1790.65,289942.90063136
2022-05-27,1790.08,1820.84,1702.53,1724.83,341796.6398698
2022-05-28,1724.8,1807.68,1719.76,1790.23,107501.25754592
2022-05-29,1790.22,1825.22,1760.32,1811.1,84009.43387178
2022-05-30,1811.27,2013,1801.21,1998.3,218864.05954827
2022-05-31,1998.29,2015.54,1924.17,1940.59,242245.22269345
2022-06-01,1940.49,1972.5,1761.59,1816.05,266690.7084996
2022-06-02,1816.06,1852.01,1780,1832.45,174506.82421008
2022-06-03,1832.62,1842.43,1735.79,1773.25,190669.34154148
2022-06-04,1773.11,1814.4,1746.6,1803.35,64987.78039249
2022-06-05,1803.47,1829.16,1771.77,1804.7,59938.51406164
2022-06-06,1804.78,1918.47,1802.52,1858.21,184600.86286202
2022-06-07,1858.44,1872.82,1725,1811.89,212923.71432914
2022-06-08,1812.17,1838,1763.69,1790.72,170731.58092776
2022-06-09,1790.63,1832.31,1775.67,1787.55,124180.46274382
2022-06-10,1787.44,1802.85,1654.15,1660.78,236039.72064137
2022-06-11,1660.77,1680.43,1499.79,1531.09,295048.58494874
2022-06-12,1531.23,1545.5,1423,1433.19,308514.54263385
2022-06-13,1432.97,1452.97,1163.31,1207.82,954717.177807
2022-06-14,1207.9,1266.34,1074.64,1207.58,681419.51063789
2022-06-15,1207.58,1247,1012.72,1236.45,827548.41393819
2022-06-16,1236.45,1257.04,1050.39,1066.87,411463.97783225
2022-06-17,1067.07,1117.43,1049.19,1085.76,323648.95266925
2022-06-18,1085.65,1096.64,879.8,993.64,581590.08416866
2022-06-19,993.64,1156.99,933.6,1126.9,435976.06851744
2022-06-20,1126.97,1168.18,1051.3,1126.84,314649.45956811
2022-06-21,1127.04,1193,1107.87,1124.85,303835.07141015
2022-06-22,1124.9,1126.44,1042.36,1048.96,270475.56973113
2022-06-23,1048.93,1153.01,1043.68,1144,250147.3059031
2022-06-24,1144.01,1244.78,1131.02,1224.47,252255.18809433
2022-06-25,1224.26,1255,1178.77,1241.33,152145.87815948
2022-06-26,1241.14,1280,1194.01,1197.13,151784.21006562
2022-06-27,1196.99,1237.83,1171.88,1191.27,196439.99342204
2022-06-28,1191.27,1236.21,1134.9,1142.65,217739.97338483
2022-06-29,1142.47,1155.21,1085.41,1099.15,287668.03810615
2022-06-30,1099.09,1105.61,997.02,1070.08,338995.29713713
2022-07-01,1070.08,1115,1031.86,1057.57,324097.48129585
2022-07-02,1058.3,1077.5,1025.95,1065.61,114219.74455559
2022-07-03,1065.58,1087.33,1039.55,1072.88,110714.6004927
2022-07-04,1072.9,1160,1043.47,1149.98,205563.79288557
2022-07-05,1149.98,1172.38,1075.7,1131.26,267186.05683546
2022-07-06,1131.16,1203.2,1110.56,1185.61,284112.14163333
2022-07-07,1185.61,1254.04,1162.32,1237.13,347073.16202279
2022-07-08,1237.55,1275.51,1192.16,1213.19,321436.46883666
2022-07-09,1213.38,1233.54,1203.7,1216.78,94148.28233858
2022-07-10,1216.78,1219.41,1153.15,1167.68,110105.33274633
2022-07-11,1167.66,1170.47,1079.8,1095.56,229708.48705223
2022-07-12,1095.48,1097.35,1031.92,1037.34,334310.07377997
2022-07-13,1037.5,1118,1005.25,1114.26,448221.83579622
2022-07-14,1114.06,1213.26,1071.1,1192.7,340272.00761286
2022-07-15,1192.67,1288.88,1180.16,1231.1,439762.06228135
2022-07-16,1231.07,1423.31,1190.9,1355.7,281556.54770912
2022-07-17,1355.5,1386.55,1318.79,1338.2,287292.9117132
2022-07-18,1338.03,1597.58,1335.35,1581.34,586368.76273009
2022-07-19,1581.09,1631.32,1492.66,1542.63,531595.12469671
2022-07-20,1542.6,1621.44,1485.17,1522.12,399979.02882551
2022-07-21,1521.88,1606.42,1463.26,1575.68,333578.08401554
2022-07-22,1575.44,1646.13,1516.75,1535.84,301049.38716503
2022-07-23,1535.68,1596.87,1487.14,1549.15,179754.71211316
2022-07-24,1549.16,1664.41,1546.7,1597.72,181245.88687987
2022-07-25,1598.12,1610,1433.91,1440.75,309771.90005337
2022-07-26,1440.63,1454.56,1356.3,1449.63,283778.37687636
2022-07-27,1449.6,1645.46,1420.66,1636.4,388150.08353335
2022-07-28,1636.53,1792.55,1592.36,1725.19,446776.87871545
2022-07-29,1725.19,1766.56,1655.47,1722.25,311510.53584064
2022-07-30,1722.46,1745.05,1674.05,1698.01,180720.73885884
2022-07-31,1698.02,1754.25,1667.7,1679.31,130340.37729581
2022-08-01,1679.31,1705,1606.9,1630.82,180669.82560511
2022-08-02,1630.81,1679.28,1560,1631.28,246683.06058859
2022-08-03,1631.1,1685.87,1590,1618.82,328786.47691824
2022-08-04,1618.78,1663.35,1580.5,1608.16,323547.74502974
2022-08-05,1608.16,1742.52,1605.55,1736.79,415383.76775755
2022-08-06,1737.12,1750,1685.99,1690.81,206524.40782357
2022-08-07,1691.18,1730.26,1668.87,1700.42,177400.97769802
2022-08-08,1700.52,1818.25,1693.41,1777.36,345585.00729302
2022-08-09,1777.36,1791.33,1668.8,1703.35,353991.64333061
2022-08-10,1703.35,1886.36,1656,1854.12,491866.38496074
2022-08-11,1854.42,1946.21,1850.95,1881.04,451248.19043761
2022-08-12,1880.96,1966.89,1850.51,1959.91,301803.38654781
2022-08-13,1959.94,2020.73,1947.19,1984.75,282479.09097599
2022-08-14,1984.72,2031.39,1906.51,1935.85,263413.87030944
2022-08-15,1936,2013.47,1866.51,1899.39,473905.07822533
2022-08-16,1899.05,1915.51,1852.85,1876.57,362478.81254801
2022-08-17,1877.06,1957.59,1815,1834.61,450374.826949
2022-08-18,1834.52,1883.35,1821.02,1845.9,270253.66533006
2022-08-19,1846.15,1848.29,1602.28,1608.72,731158.98936189
2022-08-20,1608.64,1658.14,1523.54,1575.76,450361.01659576
2022-08-21,1575.76,1646.69,1562.27,1617.84,397164.81880075
2022-08-22,1617.88,1629.61,1528.93,1624.78,518834.55819815
2022-08-23,1624.89,1674.12,1563.29,1665.93,445250.58071281
2022-08-24,1665.95,1694.89,1604.6,1656.74,508562.94204632
2022-08-25,1656.54,1722.18,1653.57,1695.27,300950.83219719
2022-08-26,1695.16,1706.41,1485.94,1508.02,570455.80622658
2022-08-27,1508.04,1519.11,1446.62,1491.22,368067.50483068
2022-08-28,1490.87,1511.12,1423.85,1426.63,292543.93479078
2022-08-29,1426.29,1560.37,1420.74,1551.65,488169.79068986
2022-08-30,1551.51,1606.34,1474.14,1524.81,544379.70835677
2022-08-31,1524.61,1619.99,1524.12,1554,511240.91582582
2022-09-01,1554.25,1599.51,1512.83,1586.23,327753.13141002
2022-09-02,1586.1,1650,1546.2,1575.69,321184.07570982
2022-09-03,1575.81,1582.69,1534.54,1557.7,129300.81242992
2022-09-04,1557.55,1583.52,1540.59,1579.04,100143.24859449
2022-09-05,1578.97,1631.44,1557.04,1618.01,183163.38342493
2022-09-06,1617.87,1686.82,1554.03,1559.28,440790.49644997
2022-09-07,1558.92,1657.68,1489.98,1629.92,335894.82441078
2022-09-08,1629.61,1664.52,1594.31,1635.73,321019.10969844
2022-09-09,1635.72,1746.87,1630.51,1719.21,343757.70988125
2022-09-10,1719.38,1789.86,1706.94,1774.69,175467.88521982
2022-09-11,1774.73,1789.98,1719.01,1766.95,153045.89168193
2022-09-12,1766.97,1783.56,1692.45,1716.71,257983.67681215
2022-09-13,1716.65,1761.04,1561.06,1574.71,456961.84966513
2022-09-14,1574.4,1649.44,1552.88,1639.14,311641.00945194
2022-09-15,1639.12,1655.55,1457.69,1472.68,415068.57662522
2022-09-16,1472.85,1483.21,1404.31,1433.73,391498.26827311
2022-09-17,1433.64,1476.22,1408.79,1468.97,193158.36959142
2022-09-18,1468.9,1470.15,1325.48,1334.72,310480.68847119
2022-09-19,1334.71,1392.94,1279,1376.17,381868.12870185
2022-09-20,1376.23,1385,1312.4,1322.8,419548.01749631
2022-09-21,1322.74,1412,1220,1245.65,569985.27204919
2022-09-22,1245.36,1348.87,1237,1326.43,563572.08233165
2022-09-23,1326.14,1359.99,1261.9,1326.82,519153.45184389
2022-09-24,1327.24,1349.31,1306.29,1317.25,206779.39938562
2022-09-25,1317.49,1337.26,1269.41,1294.63,185703.74947364
2022-09-26,1294.65,1341,1278.24,1336.61,416561.97805353
2022-09-27,1336.45,1400.51,1303.66,1327.92,457125.64604668
2022-09-28,1327.87,1355.34,1253.65,1336.93,488408.68270425
2022-09-29,1336.92,1351.85,1288.12,1336.02,409208.96175042
2022-09-30,1336.04,1373.46,1315,1328.95,423994.58067369
2022-10-01,1328.74,1333.99,1302.65,1311.76,98845.97328111
2022-10-02,1311.79,1318,1269.69,1277.02,150803.12600735
2022-10-03,1276.84,1330.24,1262.45,1323.31,341841.34001978
2022-10-04,1323.44,1370.43,1318.82,1362.06,265741.94725719
2022-10-05,1362.1,1364.93,1316.54,1352.48,297201.24863549
2022-10-06,1352.37,1384.41,1345,1352.24,437205.23026817
2022-10-07,1352.18,1362.14,1317.54,1331.14,268128.07428348
2022-10-08,1331.12,1337.61,1303.76,1315.71,85052.24063383
2022-10-09,1315.71,1329.33,1307.21,1323.41,98670.85008504
2022-10-10,1323.27,1338.41,1287.66,1290.06,248135.48630736
2022-10-11,1289.94,1297.95,1267,1279.94,361513.38640616
2022-10-12,1279.87,1306.72,1274.73,1294.33,257271.51091194
2022-10-13,1294.21,1301.85,1190,1286.96,533160.99117969
2022-10-14,1286.89,1344.4,1283.26,1296.36,483178.87927368
2022-10-15,1296.42,1302.14,1263.6,1275.09,146252.46427666
2022-10-16,1275.16,1315.62,1274.61,1306.04,160206.63331032
2022-10-17,1305.89,1338.69,1295.36,1331.49,274413.38632897
2022-10-18,1331.57,1342.28,1286.67,1310.78,375586.2181984
2022-10-19,1310.79,1313.8,1280.02,1284.76,249903.49640293
2022-10-20,1284.92,1311.1,1270.34,1282.6,310500.82723664
2022-10-21,1282.59,1307.18,1254,1299.83,307346.53371619
2022-10-22,1299.94,1320.56,1294.17,1313.88,98142.700874
2022-10-23,1313.82,1370.66,1299.47,1364.06,182202.51780535
2022-10-24,1363.93,1370.9,1324.04,1343.71,330219.49579837
2022-10-25,1343.74,1525.38,1335.12,1460.34,738604.66673918
2022-10-26,1460.34,1595.44,1457.41,1566.37,867339.4350063
2022-10-27,1566.46,1580,1502.8,1514.09,768442.493559
2022-10-28,1514.2,1577.89,1479.41,1554.83,517416.22097988
2022-10-29,1554.81,1664.29,1547.79,1620.09,371454.96971093
2022-10-30,1620.18,1640.41,1576.24,1590.89,262404.11149452
2022-10-31,1590.88,1635.7,1546.31,1572.67,442623.55124963
2022-11-01,1572.58,1612.74,1563.05,1578.24,338781.998348
2022-11-02,1578.35,1622.24,1502,1518.04,597803.71672197
2022-11-03,1518.15,1558.95,1515,1530.81,417983.19723455
2022-11-04,1530.81,1677,1528.01,1644.61,595048.87785607
2022-11-05,1644.84,1667.03,1621.05,1627,191562.15441931
2022-11-06,1627.17,1638.72,1564.17,1568.34,206626.51589598
2022-11-07,1568.27,1608.66,1545.97,1568.34,420305.13392561
2022-11-08,1568.45,1580,1227.4,1334.25,1191644.98913668
2022-11-09,1333.97,1337.49,1071.11,1099.9,1483345.10339453
2022-11-10,1099.9,1347.62,1083.95,1295.36,898160.51223308
2022-11-11,1295.55,1307.36,1197.9,1285.29,807406.05368993
2022-11-12,1285.57,1289.16,1235.53,1255.14,252702.81256691
2022-11-13,1254.98,1272,1198.99,1219.43,245429.7415013
2022-11-14,1219.4,1289.17,1169.4,1241.56,524054.26384295
2022-11-15,1241.58,1289.78,1232.56,1251.74,417549.56093034
2022-11-16,1251.95,1266.99,1185.2,1215.21,430253.13724259
2022-11-17,1215.2,1227.34,1181.02,1199.44,347569.96062493
2022-11-18,1199.39,1232.37,1198.01,1210.93,276244.25355508
2022-11-19,1210.73,1231.62,1196.27,1216.12,154207.57456321
2022-11-20,1216.31,1225.26,1130.2,1140.07,309725.68130629
2022-11-21,1140.04,1145,1080,1105.91,645537.15248314
2022-11-22,1105.68,1141.26,1073.42,1138.17,571006.86329332
2022-11-23,1138.25,1189.51,1126.22,1183.53,488293.70716425
2022-11-24,1183.55,1216.1,1179.1,1202.81,347857.6927724
2022-11-25,1202.78,1206.84,1170.17,1198.66,255469.51018685
2022-11-26,1198.65,1234.97,1195.54,1204.8,194599.63009605
2022-11-27,1204.89,1222.81,1188.31,1193.3,160395.219962
2022-11-28,1193.46,1198.87,1150.09,1167.24,336303.06814697
2022-11-29,1167.22,1227.08,1157.37,1215.91,334230.25859657
2022-11-30,1216.04,1311.76,1212,1294.77,513868.94915466
2022-12-01,1294.68,1302,1262.85,1276.48,341051.44664941
2022-12-02,1276.48,1297.57,1265.56,1295.63,312335.42943569
2022-12-03,1295.63,1308.89,1236.42,1240.91,233057.32789248
2022-12-04,1240.91,1287.44,1240.27,1279.68,195680.27732029
2022-12-05,1279.67,1305.75,1246.73,1259.23,334071.84681319
2022-12-06,1259.32,1274.57,1241.83,1271.19,310591.43275838
2022-12-07,1271.36,1277.49,1215,1231.56,294892.06525655
2022-12-08,1231.49,1292.58,1221.72,1280.33,305010.10153789
2022-12-09,1280.15,1296.55,1255.61,1262.95,268613.51750162
2022-12-10,1262.75,1283.4,1259.59,1266.45,127080.35178923
2022-12-11,1266.45,1284.68,1255.7,1262.92,136453.26405627
2022-12-12,1263.08,1279.22,1240,1275.72,244239.65101571
2022-12-13,1275.74,1351.05,1255.67,1320.47,340963.9356146
2022-12-14,1320.47,1351.87,1300.85,1307.47,490007.78017941
2022-12-15,1307.42,1311.5,1259.37,1266.48,394788.38073718
2022-12-16,1266.48,1279.99,1155.55,1166.98,529307.05569583
2022-12-17,1166.98,1190,1161.83,1187.06,227688.40724908
2022-12-18,1187.17,1196.6,1172.43,1183.32,174291.58481891
2022-12-19,1183.37,1195.34,1150.34,1167.6,324622.25840589
2022-12-20,1167.59,1231.28,1163.02,1216.69,341462.57912696
2022-12-21,1216.76,1222.99,1203.06,1213.7,237732.89806607
2022-12-22,1213.7,1238.76,1182.43,1217.5,316565.60833412
2022-12-23,1217.48,1231.7,1210.6,1219.92,287942.04914518
2022-12-24,1219.99,1227.47,1213.7,1220.51,135682.63966273
2022-12-25,1220.49,1224.1,1193.17,1218.37,167839.6524151
2022-12-26,1218.41,1230.92,1209,1227.58,133431.00775547
2022-12-27,1227.66,1233.75,1199.58,1210.99,214552.81999638
2022-12-28,1211.06,1215.38,1180.04,1189.24,301571.06009872
2022-12-29,1189.33,1206.07,1186.13,1199.74,240611.27081058
2022-12-30,1199.73,1201.64,1180.44,1199.1,228129.48726539
2022-12-31,1199.19,1208,1191.01,1195.25,144035.63835908
2023-01-01,1195.25,1204.17,1190.03,1199.92,110146.33985965
2023-01-02,1199.97,1224.59,1192.41,1213.69,181181.02038691
2023-01-03,1213.77,1219.79,1204.04,1214.21,185992.27832726
2023-01-05,1256.35,1259.77,1239.97,1250.88,236940.93295139
2023-01-06,1250.87,1276.6,1234.2,1268.84,290563.27086874
2023-01-07,1268.94,1270.83,1260.75,1263.94,105755.0768252
2023-01-08,1263.84,1295.38,1257.34,1289.92,158918.85227266
2023-01-09,1289.73,1345.87,1285,1320.02,422757.66914599
2023-01-10,1320,1348.19,1316.63,1335.56,312409.22657272
2023-01-11,1335.69,1397.98,1319.81,1389.24,323378.0899808
2023-01-12,1389.21,1438.55,1361.39,1416.05,498193.37603557
2023-01-13,1416.05,1466,1400.75,1451.78,360619.22951853
2023-01-14,1451.7,1597.99,1449.38,1550.06,416565.15549879
2023-01-15,1550.06,1567.37,1516.06,1552.89,239830.62852681
2023-01-16,1552.83,1603.91,1521.01,1576.85,358689.23697211
2023-01-17,1577.01,1608.65,1540.49,1565.68,305156.24219933
2023-01-18,1565.52,1612.66,1500.32,1510.83,448866.83667712
2023-01-19,1510.9,1564.61,1508.87,1550.98,301311.86624594
2023-01-20,1550.96,1668,1541.94,1658.25,384319.56762063
2023-01-21,1658.36,1680,1617.29,1626.8,279483.48492139
2023-01-22,1626.83,1664.42,1603.39,1627.88,260032.85446371
2023-01-23,1628.01,1648.56,1584.43,1626.55,318174.33544585
2023-01-24,1626.71,1641.72,1528.95,1556.09,328086.36249044
2023-01-25,1556.1,1640.92,1513.77,1612.54,400283.96163126
2023-01-26,1612.64,1633.55,1577.61,1601.1,287943.16630833
2023-01-27,1601.14,1622.32,1550,1598.18,268869.68835868
2023-01-28,1598.14,1606.99,1556.21,1572.3,157162.92260998
2023-01-29,1572.4,1661,1566.61,1644.89,248495.16574301
2023-01-30,1644.79,1647.73,1534.71,1566.23,338686.64935097
2023-01-31,1566.23,1605.01,1561.43,1585.39,260524.32481966
2023-02-01,1585.32,1647.75,1556.83,1642.05,249363.55705356
2023-02-02,1642.06,1714.83,1625.86,1643.19,247393.67193925
2023-02-03,1643.14,1676.53,1625,1663.69,174700.87440617
2023-02-04,1663.63,1695,1645.33,1666.83,87920.78907165
2023-02-05,1666.83,1673.81,1608.91,1629.37,98366.95792608
2023-02-06,1629.44,1658.41,1605,1614.5,127337.9625051
2023-02-07,1614.57,1678.57,1613.26,1671.28,160326.3142596
2023-02-08,1671.27,1699.66,1630.33,1650.65,160919.28668196
2023-02-09,1650.65,1656.02,1524.31,1545.54,208804.37359024
2023-02-10,1545.64,1554.89,1491.44,1513.04,208821.85745678
2023-02-11,1513.04,1543.61,1505.05,1538.86,45695.84884336
2023-02-12,1538.85,1548.2,1493.77,1515.25,63658.2777464
2023-02-13,1515.24,1526.64,1462,1506.29,184081.98744754
2023-02-14,1506.29,1569.16,1490.23,1556.67,166683.0389409
2023-02-15,1556.52,1682.45,1540.85,1674.88,194454.22724882
2023-02-16,1674.8,1742.5,1633.63,1637.83,265109.62279703
2023-02-17,1637.88,1722.07,1630.2,1694.37,193779.10526277
2023-02-18,1694.32,1713.75,1680.14,1691.82,83934.5636202
2023-02-19,1691.81,1727,1666.67,1680.23,125069.25929165
2023-02-20,1680.42,1720.02,1650.72,1703.63,128111.15414263
2023-02-21,1703.62,1716.82,1636.42,1659.76,165366.23058318
2023-02-22,1659.76,1667.14,1594.84,1642.95,225280.02772351
2023-02-23,1642.99,1679.03,1629.3,1650.62,193711.79800745
2023-02-24,1650.62,1664.65,1575.44,1607.57,220198.199975
2023-02-25,1607.64,1609.05,1557.89,1594.51,101537.791246
2023-02-26,1594.5,1651.6,1587.64,1641.41,102165.02620752
2023-02-27,1641.34,1665.29,1608.23,1633.26,168619.95684808
2023-02-28,1633.22,1647.6,1597.32,1605.4,121647.07726004
2023-03-01,1605.59,1669.9,1595,1665.2,159957.7634787
2023-03-02,1665.2,1678.14,1619,1647.87,142104.54557876
2023-03-03,1647.82,1649.28,1547.54,1569.54,215881.09939694
2023-03-04,1569.55,1577.6,1550,1566.72,30134.44715405
2023-03-05,1566.72,1588.35,1553.5,1564.81,63988.35247481
2023-03-06,1564.8,1583.19,1554.8,1565.85,110665.70266199
2023-03-07,1565.82,1584.23,1535.7,1561.67,159584.17283139
2023-03-08,1561.61,1570.77,1522.73,1532.17,167130.97340169
2023-03-09,1532.11,1546.09,1407,1437.41,275519.01763011
2023-03-10,1437.39,1438.7,1369.79,1432.15,378169.2201289
2023-03-11,1432.15,1499,1416.98,1483.68,237241.39320646
2023-03-12,1483.62,1612,1459.79,1592.31,173448.47788935
2023-03-13,1592.04,1702.6,1571,1681.93,327008.79604186
2023-03-14,1681.93,1787.74,1650.45,1704.95,396668.70615898
2023-03-15,1704.9,1722.79,1613.7,1656.8,307749.31182138
2023-03-16,1656.7,1696,1637.72,1677.24,176868.38336715
2023-03-17,1677.36,1803.73,1666.16,1793.66,329141.08281765
2023-03-18,1793.61,1846,1752.52,1763.68,235521.57569177
2023-03-19,1763.88,1846.77,1762.62,1786.4,191354.71647603
2023-03-20,1786.37,1809.1,1728.52,1739.42,249197.06842683
2023-03-21,1739.28,1839.99,1724.37,1807.23,215769.94317511
2023-03-22,1806.79,1823.8,1715.17,1739.18,196097.23997699
2023-03-23,1738.99,1861.67,1733.77,1817.49,182879.51736378
2023-03-24,1817.27,1822.55,1728.27,1751.93,193658.46405908
2023-03-25,1751.79,1764.93,1715.23,1743.8,80639.99683541
2023-03-26,1743.69,1801.02,1741.01,1775.86,81741.29679602
2023-03-27,1775.85,1782.19,1688,1716.42,120123.69610665
2023-03-28,1716.13,1795.54,1701.81,1773.7,126114.46205033
2023-03-29,1773.82,1827.7,1772.99,1793.41,124064.2834112
2023-03-30,1793.4,1829.82,1762.94,1793.68,136706.00627233
2023-03-31,1793.68,1847.12,1779.47,1822.01,150470.34252747
2023-04-01,1822.11,1843,1809.12,1821.73,75499.214378
2023-04-02,1821.69,1825.97,1773.25,1795.37,53524.50081719
2023-04-03,1795.41,1839.99,1763.58,1810.92,156367.81692427
2023-04-04,1810.91,1892.1,1802.76,1871.36,160288.10821587
2023-04-05,1871.19,1943.64,1865.24,1908.9,159154.20039336
2023-04-06,1908.89,1910.59,1854.06,1873.29,106044.61222348
2023-04-07,1873.28,1883.35,1842.25,1865.02,59267.01815764
2023-04-08,1865.02,1880.56,1848.21,1850.06,38479.70792157
2023-04-09,1849.83,1874.78,1823.11,1859.84,57884.00934696
2023-04-10,1859.85,1920,1847.5,1911.23,100746.45225435
2023-04-11,1911.22,1938.85,1883.24,1891.82,115741.82211523
2023-04-12,1891.78,1934.08,1855.79,1918.91,156466.30398029
2023-04-13,1918.9,2025,1901.12,2013.98,199544.51674204
2023-04-14,2014.12,2131.2,2011.2,2101.85,261883.28915686
2023-04-15,2101.81,2112.88,2073.79,2092.45,82555.5452833
2023-04-16,2092.44,2142.85,2074.32,2120.07,87897.67238295
2023-04-17,2120.01,2122.02,2058,2075.63,111821.36109573
2023-04-18,2075.63,2125,2052.52,2104.61,98463.83447004
2023-04-19,2104.54,2105.9,1923.33,1934.8,180156.78946917
2023-04-20,1934.63,1983.34,1914.16,1943.16,127783.1585988
2023-04-21,1942.91,1956.81,1824.67,1848.16,184098.48749579
2023-04-22,1848.21,1887.88,1842.11,1874.48,58568.76361222
2023-04-23,1874.48,1882.6,1837.3,1861.9,59392.15616391
2023-04-24,1861.91,1890,1805.38,1842.17,151059.34701623
2023-04-25,1842.11,1878.16,1801.46,1866.23,121957.82152629
2023-04-26,1866.22,1965.04,1785.51,1866.73,220757.79257172
2023-04-27,1866.73,1939.56,1862.08,1908.92,173658.77646459
2023-04-28,1908.92,1924.79,1875,1892.54,102737.14594464
2023-04-29,1892.43,1919.15,1884.58,1908.96,43424.36883267
2023-04-30,1908.96,1939.76,1866.5,1870.76,68260.39204639
2023-05-01,1870.67,1887.12,1805.95,1831.41,123062.84388793
2023-05-02,1831.36,1882.55,1823.21,1871.26,96998.09681491
2023-05-03,1871.27,1917.16,1843.52,1905.89,104714.67015513
2023-05-04,1905.89,1918.34,1867.71,1878.01,69495.9189541
2023-05-05,1878.25,2000,1876.36,1995.76,181402.98639087
2023-05-06,1995.77,2020,1864.06,1900.12,112739.21557998
2023-05-07,1900.12,1936.45,1870.61,1873.27,74231.15468325
2023-05-08,1873.28,1886.87,1810,1849.11,168218.43505268
2023-05-09,1849.11,1862.57,1832,1847.7,93273.22792235
2023-05-10,1847.5,1888.97,1789.75,1842.47,176402.42399244
2023-05-11,1842.33,1843.62,1772.26,1795.24,133802.64396645
2023-05-12,1795.22,1817.25,1737.76,1808.35,138780.08409832
2023-05-13,1808.24,1817.32,1786.44,1795.99,51855.71796261
2023-05-14,1796.01,1824.67,1790.49,1800.03,46196.57094705
2023-05-15,1800,1848.05,1785.52,1816.79,117667.19574722
2023-05-16,1816.8,1833.25,1796.86,1824.64,82503.84666329
2023-05-17,1824.57,1837.15,1783.59,1822.49,94085.03920847
2023-05-18,1822.46,1831.84,1770.88,1800.61,80676.45327688
2023-05-19,1800.61,1830,1797.08,1812.84,64344.11418462
2023-05-20,1812.84,1829.85,1807.26,1819.96,33384.79974843
2023-05-21,1819.9,1829.53,1797.19,1805.28,33106.35974055
2023-05-22,1805.35,1829.51,1791.99,1817.76,65551.70673749
2023-05-23,1817.76,1873.7,1815.59,1854.41,86046.40887122
2023-05-24,1854.42,1854.75,1774.56,1799.75,91642.89182667
2023-05-25,1799.79,1818.94,1759.45,1805.83,83744.8701424
2023-05-26,1805.76,1838.96,1796.75,1828.43,69736.78276535
2023-05-27,1828.32,1837,1812.92,1830.67,28429.50747639
2023-05-28,1830.6,1921,1823.86,1909.25,81609.20883023
2023-05-29,1909.1,1928.51,1874.14,1893.2,91048.58194716
2023-05-30,1893.18,1917.61,1881.93,1901.11,96724.93469207
2023-05-31,1901.1,1908.04,1847.61,1874.04,93058.72475908
2023-06-01,1874.08,1889.29,1839.72,1862.43,96470.72304438
2023-06-02,1862.33,1911.31,1847.66,1907.41,87806.05449698
2023-06-03,1907.44,1909.63,1882.42,1892.62,33883.00307554
2023-06-04,1892.62,1914.83,1884.72,1890.23,32506.25336073
2023-06-05,1890.22,1891.34,1777.25,1811.21,133729.38796529
2023-06-06,1811.21,1898.25,1796.52,1884.95,117911.62779482
2023-06-07,1884.93,1898,1820,1832.49,126979.80361204
2023-06-08,1832.43,1861.59,1828.63,1845.99,53739.2409447
2023-06-09,1846.21,1855.44,1826.92,1840.46,61326.07108796
2023-06-10,1840.46,1845.19,1716.24,1752.32,180377.32723936
2023-06-11,1752.32,1778.65,1739,1753.1,67320.65838212
2023-06-12,1753.1,1759.58,1719.74,1742.66,104213.35741918
2023-06-13,1742.69,1766.23,1723.68,1739.54,112831.26060085
2023-06-14,1739.51,1749.85,1630,1650.84,124654.02551192
2023-06-15,1650.84,1678.91,1620.15,1665.28,137062.43019777
2023-06-16,1665.17,1727.8,1648.29,1716.8,88651.50050649
2023-06-17,1716.71,1769.08,1712.96,1727.09,45580.87620723
2023-06-18,1727.15,1747.4,1712.61,1720.43,37169.42339912
2023-06-19,1720.4,1750.71,1698.53,1736.58,64986.67973263
2023-06-20,1736.45,1797.24,1713.79,1792.86,131094.31127116
2023-06-21,1792.71,1901.86,1787.4,1889.57,205714.82101311
2023-06-22,1889.46,1933.72,1866.57,1872.13,136777.14234797
2023-06-23,1872.13,1936.68,1861.37,1893.66,112622.71955974
2023-06-24,1893.74,1906.86,1865.64,1875.87,44081.47507327
2023-06-25,1875.88,1930.66,1869.88,1899.73,67353.84099709
2023-06-26,1899.8,1908.95,1836.25,1859.19,89749.72763224
2023-06-27,1859.19,1912.6,1855.41,1889.82,92097.01330236
2023-06-28,1889.77,1890.49,1816,1827.37,101759.55539935
2023-06-29,1827.3,1879.6,1826.43,1852.11,72773.6432135
2023-06-30,1851.98,1946.75,1823.2,1933.57,211965.83457331
2023-07-01,1933.7,1944.32,1908.65,1924.14,56737.84297268
2023-07-02,1924.14,1959.7,1885.33,1937.26,85221.98862426
2023-07-03,1937.28,1976.99,1933.46,1955.76,104013.30517861
2023-07-04,1955.76,1967.07,1931.7,1936.42,61516.63477519
2023-07-05,1936.44,1942.66,1894.18,1910.14,70482.06535559
2023-07-06,1910.15,1957.76,1845.7,1845.8,124378.76917782
2023-07-07,1846.04,1878.09,1825.38,1870.93,86368.39903159
2023-07-08,1870.9,1873.23,1842.57,1865.56,49501.03716728
2023-07-09,1865.56,1879.35,1856.62,1863.01,34389.84936597
2023-07-10,1862.99,1905.83,1846.99,1880.62,90689.06095885
2023-07-11,1880.62,1891.7,1862.23,1878.66,58861.84428148
2023-07-12,1878.58,1905,1864.17,1871.65,91650.67609635
2023-07-13,1871.65,2014.26,1862.44,2005.95,217841.38411854
2023-07-14,2005.95,2029.34,1898.88,1938.91,164795.03146848
2023-07-15,1938.99,1947.04,1926.92,1931.9,40675.73037046
2023-07-16,1931.89,1944.15,1914.75,1923.38,39618.81522884
2023-07-17,1923.21,1936.93,1873.61,1911.38,132065.00633478
2023-07-18,1911.26,1917.49,1876.01,1897.72,129808.3219303
2023-07-19,1897.72,1922.33,1882.15,1888.73,111607.1389253
2023-07-20,1888.65,1929.03,1877.77,1891.72,100239.01603496
2023-07-21,1891.76,1905.41,1884.43,1891.92,55235.39533058
2023-07-22,1891.92,1897.62,1851.35,1866.69,42352.40590843
2023-07-23,1866.61,1905.24,1858.19,1888.65,61563.29015459
2023-07-24,1888.64,1890.93,1832.83,1849.69,127978.18134477
2023-07-25,1849.68,1868.14,1844.69,1857.28,57419.42710699
2023-07-26,1857.29,1887.75,1848.03,1871.92,72684.14808293
2023-07-27,1871.92,1886.15,1854.39,1860.88,53353.05426066
2023-07-28,1860.87,1882.77,1856.18,1874.05,52759.67579773
2023-07-29,1874.01,1886.26,1869.1,1880.71,23628.03151224
2023-07-30,1880.88,1885.46,1848.81,1861.65,49111.67488831
2023-07-31,1861.65,1876.82,1850.55,1856,84251.92423923
2023-08-01,1856.09,1874.88,1812,1872.89,160513.30855928
2023-08-02,1872.78,1878.86,1820.1,1838.92,102912.60761585
2023-08-03,1838.91,1857.6,1824,1834.34,70134.44959281
2023-08-04,1834.34,1849.99,1813.45,1827.3,72934.78259447
2023-08-05,1827.3,1837.16,1824.45,1834.66,24788.06790609
2023-08-06,1834.66,1836.92,1823.7,1827.5,25736.92637861
2023-08-07,1827.49,1844.11,1800,1826.9,80578.46482025
2023-08-08,1826.9,1876.1,1824,1855.71,90813.36288326
2023-08-09,1855.71,1870.85,1843.35,1854.09,67061.64786301
2023-08-10,1854.09,1864.35,1844.07,1850.38,47379.82288863
2023-08-11,1850.38,1855.54,1836.41,1846.76,51401.34991694
2023-08-12,1846.77,1852.7,1844.93,1849.09,20642.38300552
2023-08-13,1849.08,1859.99,1833.03,1838.98,28666.82026917
2023-08-14,1838.98,1854.19,1833.27,1844.01,50098.05830532
2023-08-15,1844,1845.65,1811.34,1827.19,50058.31066665
2023-08-16,1827.19,1829.39,1795.15,1805.51,67033.53900372
2023-08-17,1805.51,1808.18,1540,1681.42,189703.49281099
2023-08-18,1681.46,1699.33,1640.18,1661.4,160133.36341664
2023-08-19,1661.28,1696,1653.84,1669.65,54692.61607557
2023-08-20,1669.65,1694.48,1661.83,1685.39,46426.8880623
2023-08-21,1685.36,1688.1,1648.65,1667.2,79186.37606678
2023-08-22,1667.2,1669.11,1579.34,1634.33,110850.76953958
2023-08-23,1634.32,1700.46,1628.81,1679.22,111905.50727937
2023-08-24,1679.21,1683.16,1634.73,1660.36,77217.23328739
2023-08-25,1660.41,1676.19,1634.54,1652.75,83010.44896333
2023-08-26,1652.77,1654.74,1643,1646.25,18986.91545465
2023-08-27,1646.26,1659.43,1645.38,1657.51,22244.70853004
2023-08-28,1657.5,1662.7,1621.04,1651.94,60673.32488256
2023-08-29,1651.93,1745.88,1639.04,1729.34,122275.58410558
2023-08-30,1729.26,1730.96,1694.98,1705.47,61097.35135783
2023-08-31,1705.46,1726.16,1629.76,1645.58,116578.15874188
2023-09-01,1645.58,1654.27,1601.69,1628.46,92601.69188977
2023-09-02,1628.46,1644.64,1627.43,1636.83,30753.43898001
2023-09-03,1636.83,1646.97,1624.93,1635.68,36069.9532434
2023-09-04,1635.65,1644.57,1615.85,1629.75,43034.41180385
2023-09-05,1629.75,1646.66,1608.85,1633.85,54592.69579861
2023-09-06,1633.85,1669,1608.17,1632.08,64159.11336815
2023-09-07,1632.09,1659.1,1622.41,1647.44,60902.59005054
2023-09-08,1647.44,1658.29,1615.65,1635.94,58305.48970523
2023-09-09,1635.94,1637.14,1629.32,1635.14,13173.50160468
2023-09-10,1635.15,1635.66,1596.78,1616.65,46891.05891276
2023-09-11,1616.68,1618.61,1530.6,1551.36,122138.1334909
2023-09-12,1551.33,1624.99,1549.21,1593.07,92121.78663878
2023-09-13,1592.92,1618.56,1581.65,1608.06,71432.28132924
2023-09-14,1608.06,1644.4,1607.48,1627.18,84810.57469743
2023-09-15,1627.17,1653.52,1611.52,1641.49,46587.30736974
2023-09-16,1641.48,1652.54,1631.88,1634.87,25839.72626893
2023-09-17,1634.87,1635.66,1612.35,1622.83,28240.63467229
2023-09-18,1622.93,1669.43,1603.55,1636.94,82672.75437174
2023-09-19,1636.93,1661.05,1626.77,1643.42,53665.4341842
2023-09-20,1643.41,1649.57,1604.91,1622.27,69413.64809618
2023-09-21,1622.26,1625.23,1567.81,1583.86,70280.57355242
2023-09-22,1583.86,1602.43,1576.52,1593.03,49010.24393275
2023-09-23,1593.04,1598.19,1587.97,1593.85,17727.34147545
2023-09-24,1593.84,1600.89,1570.35,1580.64,32773.52822928
2023-09-25,1580.59,1597.12,1563,1587.75,62583.93066252
2023-09-26,1587.75,1598.84,1579.47,1593,49000.89806179
2023-09-27,1593,1632.94,1582.38,1597.65,80254.4465463
2023-09-28,1597.65,1668.55,1596.93,1652.94,136755.38213349
2023-09-29,1652.94,1688.16,1648.33,1667.21,96959.81985572
2023-09-30,1667.2,1694.25,1665.98,1670.84,52608.92316992
2023-10-01,1670.84,1755.2,1668.51,1733.4,75393.93444956
2023-10-02,1733.42,1743.84,1637.82,1662.62,158288.87222448
2023-10-03,1662.62,1670.61,1643.56,1656.91,75294.23778427
2023-10-04,1656.91,1657.91,1626.01,1646.58,80420.09102569
2023-10-05,1646.58,1655.28,1608,1611.63,88002.97784141
2023-10-06,1611.83,1662.23,1611.78,1645.95,71144.41944879
2023-10-07,1645.9,1648.7,1631.01,1634.65,27241.91429218
2023-10-08,1634.64,1642.33,1617.31,1633.78,38081.14823402
2023-10-09,1633.77,1636.51,1548.22,1580.13,102399.55980653
2023-10-10,1580.13,1595.15,1550.18,1567.63,79103.82961904
2023-10-11,1567.63,1578.53,1545.5,1566.46,79781.25310923
2023-10-12,1566.45,1568.05,1520.85,1539.25,68485.99935697
2023-10-13,1539.26,1574.66,1537.31,1552.04,63935.58299379
2023-10-14,1552.03,1561.53,1544.65,1554.87,20369.55429181
2023-10-15,1554.98,1566.92,1548.3,1558.01,28564.73003903
2023-10-16,1558.01,1641.41,1555.2,1600.02,140896.46861986
2023-10-17,1600.03,1601.44,1552.74,1565.24,63796.87989577
2023-10-18,1565.25,1586.27,1556.01,1563.67,57059.23546765
2023-10-19,1563.66,1576.25,1542.36,1567.48,59230.76611412
2023-10-20,1567.5,1632.11,1562,1604.96,110280.40281731
2023-10-21,1604.94,1644.77,1593.06,1629.38,63605.34688817
2023-10-23,1664.43,1799.55,1657.95,1766.27,191320.15916936
2023-10-24,1766.24,1854.62,1725.79,1785.28,261859.90084142
2023-10-25,1785.06,1818.29,1760.2,1787.58,126450.2986493
2023-10-26,1787.58,1865.86,1762.67,1803.57,162066.45814023
2023-10-27,1803.56,1804.29,1745.05,1779.81,90425.04228072
2023-10-28,1779.78,1803.48,1770.8,1776.48,34085.17268661
2023-10-29,1776.48,1811.68,1763.25,1795.74,48201.56051951
2023-10-30,1795.63,1830.64,1778.24,1809.69,80444.07174014
2023-10-31,1809.67,1820,1781.62,1815.14,80270.49772666
2023-11-01,1815.14,1859,1783.48,1847.74,139857.49667144
2023-11-02,1847.74,1875,1785.03,1801.31,110389.55551632
2023-11-03,1801.31,1836.16,1777,1833.76,79637.2413367
2023-11-04,1833.64,1870.32,1825.11,1857.23,38916.34595206
2023-11-05,1857.17,1913.57,1847.46,1893.16,82496.39953529
2023-11-06,1893.13,1916.13,1870.64,1901.68,97625.94820106
2023-11-07,1901.67,1908.07,1851.01,1885.93,122337.33944691
2023-11-08,1885.93,1905.3,1873.55,1888.84,74827.09163576
2023-11-09,1888.86,2131.91,1882.84,2121.3,290571.52840203
2023-11-10,2120.88,2136.53,2066,2078.57,148151.5915368
2023-11-11,2078.57,2091.61,2032.14,2053.83,84815.43690608
2023-11-12,2053.94,2066.93,2013.5,2046.06,50912.23589705
2023-11-13,2046.06,2118.65,2029.28,2053.99,144429.20318696
2023-11-14,2054.31,2065.48,1933,1979.61,136319.6702245
2023-11-15,1979.45,2063.58,1967.19,2059.38,152595.88274792
2023-11-16,2059.46,2100,1909.37,1961.76,178044.63341731
2023-11-17,1961.66,1991.25,1906.15,1961.57,125667.83736351
2023-11-18,1961.53,1972.38,1917.96,1963.76,45737.12941532
2023-11-19,1963.75,2016.6,1944.65,2012.29,55072.30287312
2023-11-20,2012.68,2067.79,1993.59,2022.55,146484.68418925
2023-11-21,2022.56,2035.77,1930.86,1933.45,136174.20007133
2023-11-22,1933.52,2092.66,1929.26,2063.94,146760.1198297
2023-11-23,2063.95,2089.18,2040.23,2062.78,84629.71524463
2023-11-24,2062.51,2134.16,2059.7,2082.61,127130.6016511
2023-11-25,2082.74,2091.72,2067.11,2084.02,32637.81834342
2023-11-26,2084,2095.16,2037.8,2063.09,57167.2638941
2023-11-27,2063.13,2072,1985.72,2027.47,125768.15951531
2023-11-28,2027.46,2076,1995.29,2049.08,100207.915287
2023-11-29,2048.94,2075.84,2019.63,2029.11,75542.21726307
2023-11-30,2029.14,2055.74,2020.96,2053.1,75775.80126746
2023-12-01,2053.08,2112.09,2045.99,2088.4,142736.12841928
2023-12-02,2088.43,2190.48,2086.97,2165.76,83470.66010767
2023-12-03,2165.85,2217.78,2150.3,2194.13,78192.25684803
2023-12-04,2194.12,2274.95,2192.41,2243.29,156712.86675745
2023-12-05,2243.25,2309.82,2187.97,2293.97,167077.77250219
2023-12-06,2293.96,2312.75,2219.61,2232.8,134193.65734318
2023-12-07,2233.08,2384,2222.58,2356.57,159654.71681372
2023-12-08,2356.4,2392.35,2338.25,2358.59,130139.81922754
2023-12-09,2359.01,2403.37,2329.35,2341.28,69627.48310609
2023-12-10,2341.48,2377.61,2322.53,2352.29,44645.61294931
2023-12-11,2352.71,2354.99,2127.36,2224.06,193291.06535168
2023-12-12,2224.15,2243.23,2164.82,2202.34,128295.68890567
2023-12-13,2202.39,2284.98,2144.52,2260.69,141516.28789964
2023-12-14,2260.69,2332.39,2229.9,2315.95,142369.02286482
2023-12-15,2315.81,2318.39,2199.76,2220.31,122773.57046315
2023-12-16,2220.44,2262,2209.68,2227.29,49598.43029094
2023-12-17,2227.19,2247.08,2189.89,2194.75,56323.1405293
2023-12-18,2194.45,2223.31,2115.22,2218.71,103052.23127627
2023-12-19,2218.58,2254.14,2134.43,2177.27,122574.02370214
2023-12-20,2177.32,2264.85,2156.96,2202,164826.68035353
2023-12-21,2201.93,2279.65,2182.83,2239.92,136641.48600479
2023-12-22,2239.92,2344.26,2230.66,2326.35,173481.66487576
2023-12-23,2326.49,2332.69,2266.79,2309.58,71690.42077486
2023-12-24,2309.51,2327.66,2244.79,2265.33,66756.02178328
2023-12-25,2265.45,2304.93,2253.96,2271.53,46049.01449884
2023-12-26,2271.42,2275.2,2148.1,2230.91,112774.77130849
2023-12-27,2230.93,2393.39,2212.12,2380.66,167830.74188422
2023-12-28,2380.54,2448.25,2336.7,2344.94,187887.79244123
2023-12-29,2345.08,2386.99,2255.78,2299.37,155499.37553718
2023-12-30,2299.17,2322.86,2267.63,2291.15,66344.10814823
2023-12-31,2291.51,2320.48,2259.1,2281.07,94453.26052695
2024-01-01,2281.03,2353.33,2264.86,2352.76,65735.83712724
2024-01-02,2352.8,2433.19,2342.19,2356.16,146957.41838868
2024-01-03,2356.27,2385.66,2100,2210.49,238855.87311254
2024-01-04,2210.49,2297.64,2203.1,2269.47,139871.10592444
2024-01-05,2269.48,2278.84,2207.6,2270.35,103166.13797897
2024-01-06,2270.29,2271.72,2217,2241.87,43380.28085198
2024-01-07,2241.81,2258.57,2206.66,2222.69,44609.45118075
2024-01-08,2222.86,2360.81,2167.68,2332.51,124227.66088047
2024-01-09,2332.52,2376.1,2228.42,2344.93,180275.73765795
2024-01-10,2344.97,2644.42,2340.77,2584.77,317568.89216896
2024-01-11,2584.85,2691.07,2567.08,2618.31,237306.47182505
2024-01-12,2618.37,2717.89,2455,2522.03,254977.63549268
2024-01-13,2522.02,2589.97,2496.41,2578.12,121668.19007134
2024-01-14,2578.13,2578.96,2467.97,2470.66,103969.50283893
2024-01-15,2470.65,2551.77,2468.6,2509.94,72919.16160111
2024-01-16,2509.85,2614.04,2498.25,2586.83,98820.86634244
2024-01-17,2586.46,2592.5,2505.19,2527.94,78118.40218361
2024-01-18,2528.02,2547.67,2423.43,2468.82,128802.61780602
2024-01-19,2468.82,2502.14,2412.4,2490.13,96947.20379828
2024-01-20,2489.98,2489.98,2452.02,2470.44,27547.90442945
2024-01-21,2470.51,2480.69,2451.26,2455.52,20818.01056422
2024-01-22,2455.09,2464.33,2301,2311.34,152916.39516189
2024-01-23,2311.52,2349.07,2165.01,2240.81,186226.75172366
2024-01-24,2241.1,2262.88,2195.32,2234.06,72772.97341402
2024-01-25,2234.34,2241.35,2169.47,2217.3,75539.58539235
2024-01-26,2217.29,2281.72,2194.88,2267.34,94910.54129622
2024-01-27,2267.47,2282.54,2250.9,2268.07,30982.52441099
2024-01-28,2268.12,2307.97,2239.3,2256.51,39248.46860701
2024-01-29,2256.47,2322.55,2233.15,2317.42,63329.25489388
2024-01-30,2317.63,2391.91,2296.86,2342.96,96526.62504443
2024-01-31,2342.96,2352.17,2262.47,2281.6,85201.8639706
2024-02-01,2281.55,2310.97,2239.04,2303.61,62864.78139733
2024-02-02,2303.66,2323.4,2280.43,2308.03,50538.33300083
2024-02-03,2308.06,2328.42,2292.29,2295.97,17826.99315399
2024-02-04,2295.97,2309.45,2266.14,2288.82,29623.64332388
2024-02-05,2288.82,2336.1,2268,2298.91,44870.36550212
2024-02-06,2298.93,2392.65,2295.79,2372.09,102729.57926297
2024-02-07,2372.09,2446.9,2352.34,2424.55,81310.98318267
2024-02-08,2424.71,2462.69,2410.77,2419.78,111654.90807514
2024-02-09,2419.78,2524.11,2418.79,2487.84,121261.76511101
2024-02-10,2487.87,2518.02,2473.32,2501.08,33777.58281582
2024-02-11,2501.08,2540.57,2494.42,2508.11,37979.95085055
2024-02-12,2508.49,2666.66,2472.17,2661.03,115679.36286012
2024-02-13,2661.13,2687.13,2590.41,2641.63,128589.09309863
2024-02-14,2641.84,2788.95,2619.36,2777.56,110804.3856468
2024-02-15,2777.37,2868.68,2761.9,2825.94,123679.76881122
2024-02-16,2825.88,2860.28,2745.48,2803.89,108579.83594863
2024-02-17,2804.09,2806.8,2719.73,2786.83,50463.18174055
2024-02-18,2787.12,2896.74,2765.55,2882.06,64492.75636679
2024-02-19,2881.91,2985,2857.33,2945.43,102810.47000218
2024-02-20,2944.94,3033.53,2873.82,3015.56,162450.24960627
2024-02-21,3015.53,3017.99,2868.32,2968.37,168311.07685356
2024-02-22,2968.37,3035.84,2906.13,2969.77,159019.68302075
2024-02-23,2969.75,2991.94,2905.71,2921.79,95313.32394229
2024-02-24,2921.76,3005.28,2906.2,2992.66,46828.0872104
2024-02-25,2992.41,3121.04,2983.45,3113.17,86028.2084838
2024-02-26,3113.37,3198.77,3036.62,3178.34,149112.056773
2024-02-27,3178.28,3291.36,3167.8,3243.84,144336.78996453
2024-02-28,3244.35,3492.31,3185,3386.64,231321.85685237
2024-02-29,3386.64,3521.99,3302.1,3341.78,184874.52035185
2024-03-01,3341.78,3454.95,3340.15,3436,108273.12334217
2024-03-02,3436.37,3462,3398.14,3424.04,59797.37297303
2024-03-03,3423.77,3493.78,3363.59,3489.53,65187.6206346
2024-03-04,3489.95,3650,3430,3633.23,152726.49937298
2024-03-05,3632.92,3829.93,3205,3557.41,365410.47754845
2024-03-06,3557.42,3903.42,3502,3821.82,219365.56854364
2024-03-07,3822.1,3941.57,3736.5,3875.28,137053.14296446
2024-03-08,3875.42,4000,3826.37,3892.6,165705.35869307
2024-03-09,3892.62,3951.37,3880,3913.55,62180.56431897
2024-03-10,3913.84,3972.17,3800.01,3881.96,84572.21007878
2024-03-11,3882.48,4091.67,3730.72,4066.21,189041.07032596
2024-03-12,4066.95,4093.88,3828.83,3980.34,174639.81824993
2024-03-13,3980.31,4085.57,3934.52,4007.7,133886.82772964
2024-03-14,4007.79,4013.25,3714.53,3880.45,190612.34558486
2024-03-15,3880.45,3932.39,3566.38,3742.95,252124.79920745
2024-03-16,3743.29,3781.4,3466.55,3520.1,116692.68177422
2024-03-17,3520.24,3676.76,3410.78,3641.02,109583.54224228
2024-03-18,3641.51,3642.56,3454.3,3520.66,119847.05230624
2024-03-19,3520.52,3547.97,3147.81,3156.97,257986.0718834
2024-03-20,3156.94,3536.72,3057.5,3516.68,324768.03382929
2024-03-21,3517.02,3586.59,3410.45,3491.78,148636.00452543
2024-03-22,3491.78,3542.56,3250.33,3337.41,163488.1093582
2024-03-23,3337.38,3436.39,3271.47,3330.05,94959.72106776
2024-03-24,3330.28,3471.22,3300,3454.67,60606.08564157
2024-03-25,3454.88,3661.7,3418.61,3591.02,119411.57116768
2024-03-26,3590.61,3681.9,3544,3587.67,97999.11894572
2024-03-27,3587.5,3665.95,3458,3499.56,113287.84057127
2024-03-28,3499.62,3612.3,3462.44,3561.1,82506.6359203
2024-03-29,3561.12,3584.9,3473.42,3511.08,60142.83951755
2024-03-30,3511.21,3568.13,3488.08,3507.51,49286.0694304
2024-03-31,3507.31,3654.87,3505.76,3645.48,53825.13202391
2024-04-01,3645.55,3646.38,3413.86,3505.85,97053.82915967
2024-04-02,3505.95,3507.69,3211.41,3279.64,148814.96574824
2024-04-03,3279.71,3369.43,3202.8,3312.43,99323.0886667
2024-04-04,3312.42,3444.95,3251.91,3329.39,108312.21150232
2024-04-05,3329.41,3348.33,3210.99,3319.26,82464.50869563
2024-04-06,3319.1,3398.8,3308.7,3352.66,35789.96297357
2024-04-07,3352.87,3459.52,3345.36,3453.67,40642.58459362
2024-04-08,3453.69,3729.16,3406.93,3694.56,117580.32397415
2024-04-09,3694.26,3726.79,3450.6,3504.58,104295.66540925
2024-04-10,3504.24,3562.51,3411.59,3546,83472.76785832
2024-04-11,3546.07,3617.97,3473.6,3503.06,73843.06830002
2024-04-12,3503.06,3553.03,3100,3239.31,158974.418562
2024-04-13,3238.98,3302.32,2850,3011.39,241260.34609045
2024-04-14,3012.01,3175.72,2911.23,3158.06,160742.93293593
2024-04-15,3158.2,3281.21,3025,3103.13,129021.87609399
2024-04-16,3103.4,3128.28,2990,3085.25,117411.00495166
2024-04-17,3085.41,3124.03,2914.01,2984.98,122585.77561348
2024-04-18,2984.9,3100.8,2952.53,3065.82,91513.42190694
2024-04-19,3065.8,3128.99,2865.71,3057.93,126465.06248187
2024-04-20,3057.9,3172.3,3019.11,3157.01,42703.49658553
2024-04-21,3156.62,3198.46,3117.46,3148.1,34111.84839622
2024-04-22,3148.06,3237.41,3129.68,3201.46,70530.52584425
2024-04-23,3201.67,3266.4,3153.41,3219.49,69940.4136472
2024-04-24,3219.42,3293.4,3102.62,3138.91,88784.32655222
2024-04-25,3139.27,3191.94,3071.79,3155.36,95350.39968519
2024-04-26,3155.27,3166.66,3101.01,3130,69330.93637665
2024-04-27,3130.04,3281.92,3067.27,3253.04,65631.20199995
2024-04-28,3253.04,3356.31,3239.72,3262.6,66716.10732189
2024-04-29,3262.99,3287.15,3114.56,3215.53,85704.21545809
2024-04-30,3215.89,3249.66,2916.34,3011.4,122376.47890903
2024-05-01,3011.24,3020.26,2814.12,2968.12,148775.73927121
2024-05-02,2968.18,3016.07,2890.28,2986.32,74253.44635959
2024-05-03,2986.12,3128.04,2958.55,3103.27,82328.62907159
2024-05-04,3104.11,3167.85,3093.87,3117.41,37445.2105609
2024-05-05,3117.52,3171.64,3073.7,3136.95,38526.42777835
2024-05-06,3136.77,3221.41,3045.59,3062.69,79596.65949657
2024-05-07,3062.69,3129.9,3000,3005.78,62108.80446702
2024-05-08,3006.09,3038.17,2937.09,2972.82,52553.55510881
2024-05-09,2972.81,3058.43,2949.52,3035.92,56610.30197974
2024-05-10,3035.92,3053.53,2878.38,2909.43,79016.14737388
2024-05-11,2909.38,2943.64,2885.8,2911.75,26841.15468691
2024-05-12,2911.77,2954.16,2900.59,2927.75,23851.53354001
2024-05-13,2927.72,2994.74,2864.35,2950.21,81949.54698641
2024-05-14,2950.09,2988,2858.76,2880.4,84843.49382255
2024-05-15,2880.39,3041.53,2862.36,3033.2,102425.75517286
2024-05-16,3033.23,3041.71,2923.73,2945.11,79847.19015756
2024-05-17,2944.86,3122.08,2932.68,3093.39,80378.06214215
2024-05-18,3093.2,3148,3085.07,3123.99,35887.59340775
2024-05-19,3123.76,3137.64,3053.74,3070.9,36279.72976482
2024-05-20,3070.83,3695,3048.58,3661.52,280881.20562155
2024-05-21,3661.51,3841.24,3625.58,3789.37,253191.48042776
2024-05-22,3789.41,3813.25,3653.11,3735.99,152993.45828385
2024-05-23,3736.02,3947,3521.24,3780.83,309961.25314343
2024-05-24,3780.42,3827.99,3627.53,3726.89,112184.8378011
2024-05-25,3726.87,3777.78,3707.41,3749.06,33301.97878165
2024-05-26,3749.23,3882.82,3731.03,3823.83,57883.65812154
2024-05-27,3823.55,3973.9,3821.01,3890.72,71151.44619506
2024-05-28,3890.72,3926.6,3769.47,3839.98,100613.04720901
2024-05-29,3840.18,3884.24,3740.75,3762.11,108846.32940744
2024-05-30,3762.07,3824.07,3700.4,3746.74,96742.8620579
2024-05-31,3746.64,3846,3720.52,3758.44,83743.90660225
2024-06-01,3758.44,3829.99,3748.31,3812.48,33739.89750423
2024-06-02,3812.49,3835,3750.59,3778.88,44725.20926266
2024-06-03,3778.88,3850.06,3757.32,3766.09,66419.59243831
2024-06-04,3766.12,3832.56,3730.56,3810.29,57771.03645715
2024-06-05,3810.24,3888.9,3777.25,3866.57,67943.79281961
2024-06-06,3866.42,3879.15,3758.19,3812.09,53756.6117727
2024-06-07,3812.04,3839.71,3575.23,3676.35,110370.11489481
2024-06-08,3676.31,3707.99,3658,3680.84,28751.32754441
2024-06-09,3680.89,3721.16,3666.2,3706.27,19656.41005708
2024-06-10,3706.4,3712.6,3643.02,3665.86,43724.86169828
2024-06-11,3665.86,3671.47,3381,3497.31,137575.16363517
2024-06-12,3497.27,3657.05,3461.52,3559.14,98483.84286884
2024-06-13,3559.14,3560.6,3425.87,3467.65,108846.17560996
2024-06-14,3467.9,3529.83,3360.62,3479.53,102617.12125958
2024-06-15,3479.53,3591.87,3470.96,3566.69,56700.50673905
2024-06-16,3566.82,3651.51,3538.74,3622.1,44147.59671264
2024-06-17,3622.53,3640,3463.38,3509.55,111781.88622712
2024-06-18,3509.81,3515.87,3351,3482.06,129044.70825538
2024-06-19,3482.07,3585.77,3464.44,3559.14,103693.89596402
2024-06-20,3559.24,3624.28,3483.5,3510.73,108383.66568546
2024-06-21,3510.73,3545.99,3444.7,3517.19,103321.37276566
2024-06-22,3517.18,3520.03,3473.78,3494.09,30077.22258147
2024-06-23,3494.09,3519.79,3405.07,3418.42,43942.98809967
2024-06-24,3418.42,3432.5,3233.75,3350.59,171526.13894959
2024-06-25,3350.6,3430.6,3334.79,3393.6,105747.82411729
2024-06-26,3393.59,3425.44,3323,3369.31,82891.50854776
2024-06-27,3369.76,3474.12,3359.23,3445.58,76984.49380219
2024-06-28,3445.57,3484.72,3360.01,3373.62,102502.65124597
2024-06-29,3373.75,3403.09,3366.21,3373.26,24185.37815898
2024-06-30,3373.34,3453.93,3347.21,3432.37,33619.80014887
2024-07-01,3432.37,3518.85,3420.5,3438.59,61636.24032048
2024-07-02,3438.59,3460.56,3396.76,3416.17,43494.06793371
2024-07-03,3416.17,3427.04,3248,3291.73,87308.24050746
2024-07-04,3291.88,3309.58,3050,3058.89,128764.42789612
2024-07-05,3059.08,3108.7,2809.41,2981.74,246354.98758317
2024-07-06,2981.74,3082.05,2955.67,3067.39,53153.51902767
2024-07-07,3067.38,3073.49,2921.13,2930.78,43012.58338564
2024-07-08,2930.78,3095.94,2822.64,3018.48,142216.07981425
2024-07-09,3018.47,3113.5,3003.55,3066.51,59915.93941771
2024-07-10,3066.35,3150.72,3023.8,3100.3,67608.08879775
2024-07-11,3100.35,3220.48,3055,3099.29,77797.90457066
2024-07-12,3099.35,3158.3,3045.8,3135.05,49238.51060916
2024-07-13,3134.84,3203.05,3114.15,3176.71,26046.02798174
2024-07-14,3176.61,3270.12,3164.66,3246.38,38866.26158568
2024-07-15,3246.38,3496.03,3233.86,3485.87,110069.74915363
2024-07-16,3485.35,3499.99,3348,3446.67,90433.49001457
2024-07-17,3446.67,3518.38,3376.92,3387.45,69258.00394095
2024-07-18,3387.1,3490,3367.65,3425.58,62188.79112524
2024-07-19,3425.58,3541.85,3375.99,3505.75,82780.35096942
2024-07-20,3505.83,3540.79,3482.03,3519.06,29367.4769642
2024-07-21,3518.99,3547.57,3413.01,3536.2,41195.37901679
2024-07-22,3536.21,3563.02,3423.94,3441.1,55522.37465033
2024-07-23,3441.09,3541.2,3390,3482.9,134627.15575407
2024-07-24,3482.89,3488.05,3299.16,3334.99,108661.70978004
2024-07-25,3335,3342.07,3086.13,3174.3,201536.44580506
2024-07-26,3174.3,3286.65,3169.59,3274.95,88789.0006109
2024-07-27,3274.84,3327.6,3190.57,3249.25,55872.3354621
2024-07-28,3249.24,3283.98,3198.23,3269.98,30497.48961316
2024-07-29,3270.15,3396.61,3256.68,3317.55,111549.61997732
2024-07-30,3317.42,3365.68,3232.55,3278.27,86408.39509467
2024-07-31,3278.42,3348,3213,3231.81,87723.99196968
2024-08-01,3231.81,3242.14,3077.17,3200.54,115192.55494313
2024-08-02,3200.53,3215.75,2964.01,2985.84,124022.20884018
2024-08-03,2985.88,3016.19,2857.35,2901.72,77878.90239055
2024-08-04,2901.98,2933.13,2626.17,2688.31,110939.31000409
2024-08-05,2688.38,2696.41,2116.02,2420.37,750156.04400364
2024-08-06,2420.79,2556.62,2415.69,2462.52,240973.21880433
2024-08-07,2462.26,2552.77,2308.94,2343.66,212737.26981056
2024-08-09,2683.33,2708.87,2553.08,2599.94,119799.43778503
2024-08-10,2600.1,2645.74,2577.61,2610.69,32933.24488872
2024-08-11,2610.38,2720,2539.86,2555.58,54293.38934167
2024-08-12,2555.09,2750,2509.58,2723,117387.83172402
2024-08-13,2723.23,2739,2611.59,2703.49,87846.22008954
2024-08-14,2703.49,2782.61,2633.76,2661.67,127821.69398089
2024-08-15,2661.98,2675.79,2516.07,2570.5,112161.44239141
2024-08-16,2570.22,2631.06,2551.29,2593.75,73034.64702326
2024-08-17,2593.75,2627.67,2588.17,2614.64,16028.49990746
2024-08-18,2614.64,2687.92,2594.34,2612.68,43718.56501864
2024-08-19,2612.33,2648.71,2563.98,2637.15,54465.58022979
2024-08-20,2637.63,2697.11,2555.26,2573.04,83115.06804761
2024-08-21,2572.69,2664.7,2536.49,2631.14,68713.01543658
2024-08-22,2631.18,2645.42,2584.59,2623.3,45949.34305893
2024-08-23,2623.26,2800.89,2621.38,2764.73,97692.03219144
2024-08-24,2764.89,2820.86,2732.75,2769,52952.63243867
2024-08-25,2768.95,2793.09,2734.52,2747.57,28841.52308192
2024-08-26,2747.06,2763.51,2667.25,2680.77,60514.38739416
2024-08-27,2680.75,2700.29,2393.38,2458.22,110269.50067621
2024-08-28,2457.84,2555.23,2418.63,2528.51,115962.75554378
2024-08-29,2528.76,2597,2503.09,2527.71,78636.42412331
2024-08-30,2527.76,2551.26,2430.25,2525.74,85657.73143674
2024-08-31,2525.7,2533.92,2492.03,2512.62,14398.21727088
2024-09-01,2512.49,2516.27,2399.2,2425.9,40597.47657667
2024-09-02,2425.78,2564.02,2423.56,2537.81,52519.15338901
2024-09-03,2537.99,2553.75,2410.52,2424.18,59281.30494802
2024-09-04,2424.16,2490.21,2307.12,2450.46,112229.09718802
2024-09-05,2450.26,2465.98,2347.19,2367.8,73779.98448771
2024-09-06,2367.5,2409.19,2150,2224.46,158686.218366
2024-09-07,2224.55,2311.27,2221.01,2272.88,48605.25284293
2024-09-08,2273.03,2334.03,2240.82,2297.47,48917.56725194
2024-09-09,2297.35,2381.46,2273,2360.1,91965.44801791
2024-09-10,2359.71,2399.99,2320.91,2388.26,63305.03364559
2024-09-11,2388.71,2389.58,2276.66,2340.54,83110.11059986
2024-09-12,2340.24,2392.13,2314.76,2361.63,67554.09932317
2024-09-13,2361.75,2466.49,2336.57,2440.96,84983.24145206
2024-09-14,2440.99,2442.56,2378.8,2418.19,29335.9983637
2024-09-15,2418.3,2430.91,2285,2316.37,48995.2967581
2024-09-16,2316.01,2335.18,2251.99,2295.21,83080.821853
2024-09-17,2295.35,2394,2263.05,2342.1,87006.28326236
2024-09-18,2342.09,2376.26,2277.05,2374.59,95717.21636064
2024-09-19,2374.78,2495.27,2372.73,2465.84,110765.46794849
2024-09-20,2465.79,2573.26,2437.49,2562.02,95098.81621245
2024-09-21,2562.1,2623.26,2528.75,2613.16,45981.75244353
2024-09-22,2612.77,2632.92,2525,2580.92,40733.97945098
2024-09-23,2580.93,2704.62,2539.64,2646.72,103739.53519625
2024-09-24,2646.93,2671.85,2591.67,2653.31,101399.56360844
2024-09-25,2653.53,2673.77,2553.93,2579.25,75241.26087497
2024-09-26,2579.84,2667.81,2558.84,2632.53,76698.05571684
2024-09-27,2632.63,2729.39,2615.45,2695.37,100248.85127199
2024-09-28,2695.37,2705.26,2650.16,2675.79,24386.06817246
2024-09-29,2675.88,2683.77,2634.38,2657.89,27101.55183847
2024-09-30,2657.9,2663.97,2573.89,2601.27,73292.74710664
2024-10-01,2601.33,2657.98,2413.11,2447.55,155891.69082296
2024-10-02,2447.54,2498.47,2351.92,2363.76,91854.68404245
2024-10-03,2363.51,2403.08,2309.17,2349.97,75055.04033974
2024-10-04,2349.73,2440.96,2338.96,2414.43,63427.16619712
2024-10-05,2414.43,2428.22,2389.68,2414.51,17445.77099774
2024-10-06,2414.89,2457.57,2406,2439.84,17368.14003888
2024-10-07,2439.36,2520.39,2402.32,2421.68,73870.56676745
2024-10-08,2421.68,2464.51,2399.24,2439.48,60536.06425091
2024-10-09,2439.47,2472.09,2349.63,2368.66,69323.07080214
2024-10-10,2368.35,2418.41,2327.83,2384.32,87146.39549393
2024-10-11,2384.42,2471.1,2379.84,2438.77,79629.60253014
2024-10-12,2439.15,2489.67,2433.43,2475.79,26831.83205704
2024-10-13,2475.79,2484.44,2435.88,2467.67,28115.6827349
2024-10-14,2467.95,2653.03,2442.42,2628.74,134863.19504511
2024-10-15,2628.75,2687.63,2536.47,2606.63,147272.65006204
2024-10-16,2606.73,2646.91,2588.05,2610.54,97943.12619857
2024-10-17,2610.56,2647.43,2574.29,2604.91,67668.26380459
2024-10-18,2604.9,2676.07,2594.79,2641.98,82644.360255
2024-10-19,2642,2662.99,2630.82,2647.97,17748.96060487
2024-10-20,2647.97,2758.08,2635.16,2746.22,42114.940021
2024-10-21,2745.91,2768.22,2653.94,2665.35,67046.17608835
2024-10-22,2665.25,2670.37,2603.37,2620.84,70709.73288592
2024-10-23,2620.84,2626.29,2448.36,2521.94,78368.44781749
2024-10-24,2521.91,2559.24,2504.7,2533.99,73450.47584406
2024-10-25,2534,2564.84,2379.35,2436.01,137844.37834249
2024-10-26,2435.81,2503.73,2425.54,2479.49,40555.3054383
2024-10-27,2479.49,2524.39,2460.47,2504.69,30629.2909461
2024-10-28,2504.72,2588,2468.81,2565.66,94688.91402615
2024-10-29,2565.66,2681.78,2559.3,2637.85,115494.41095118
2024-10-30,2638.11,2721.09,2598.87,2658.16,123666.92523955
2024-10-31,2658.15,2668.12,2500,2514.84,93810.99937796
2024-11-01,2514.74,2585.26,2464.83,2510.27,81541.95205262
2024-11-02,2510.27,2522.48,2469.7,2493.44,25043.70021838
2024-11-03,2493.5,2496.01,2409.53,2456.57,56798.1927346
2024-11-04,2456.15,2489.44,2355.43,2397,63678.82358185
2024-11-05,2396.62,2479.58,2379.3,2422.24,88639.61877167
2024-11-06,2422.24,2746.83,2420.14,2724.27,248257.23507707
2024-11-07,2724.27,2920.62,2701.52,2897.65,235254.1674329
2024-11-08,2897.65,2986.13,2888.99,2964.09,182093.85658108
2024-11-09,2964.09,3158.83,2956.8,3127.97,114010.46176319
2024-11-10,3127.96,3251.25,3069.19,3186.07,169077.54310611
2024-11-11,3186.03,3391.61,3108.1,3375.78,264362.44195086
2024-11-12,3375.79,3446.98,3210.57,3247.21,277504.30741055
2024-11-13,3247.54,3339,3120.8,3191.45,227462.32128441
2024-11-14,3191.34,3242.75,3028.32,3059.04,148297.67622951
2024-11-15,3058.89,3131.68,3012.94,3090.76,148569.2491386
2024-11-16,3090.76,3220,3072.9,3134.25,76918.18159684
2024-11-17,3134.48,3161.96,3036.64,3076.79,76318.32370264
2024-11-18,3076.79,3226.8,3050.83,3209.21,139240.77207001
2024-11-19,3209.42,3222.83,3070,3111.7,123941.60602607
2024-11-20,3111.63,3161.97,3031.38,3072.24,128820.64743852
2024-11-21,3072.33,3390.35,3034.15,3359.9,263174.60425898
2024-11-22,3360.11,3429.69,3260.78,3331.77,168501.02810417
2024-11-23,3332.16,3500,3316.55,3397.51,144344.7907436
2024-11-24,3397.51,3453.9,3286.25,3365.16,83921.83934738
2024-11-25,3365.17,3546.99,3304.11,3414.72,237872.13228768
2024-11-26,3414.64,3462.89,3252.6,3323.67,163133.91511773
2024-11-27,3323.67,3688.54,3300.76,3657.63,215323.88671149
2024-11-28,3657.2,3665.28,3530.02,3579.11,106524.93169029
2024-11-29,3579.48,3650,3536.44,3593.67,137566.64651708
2024-11-30,3593.38,3740.63,3569.63,3706.35,93227.76397971
2024-12-01,3706.35,3748.29,3661.12,3710.24,81383.91544408
2024-12-02,3710.08,3762.72,3556.03,3644.52,175600.09449684
2024-12-03,3644.51,3671.71,3502.29,3617.59,171602.2838125
2024-12-04,3617.82,3899.21,3616.92,3843.33,271861.29252455
2024-12-05,3843.84,3960,3681,3788.93,279984.20786923
2024-12-06,3789.07,4096,3781.2,4004.83,238314.83515241
2024-12-07,4005.37,4030.27,3973.19,4000.01,68451.91637822
2024-12-08,4000.02,4018.5,3926.45,4006.75,53096.54067022
2024-12-09,4007.38,4008.8,3501,3713.57,249048.23608556
2024-12-10,3713.56,3782,3516,3630.34,224597.72358534
2024-12-11,3630.37,3851.87,3564.36,3835.08,159702.34530659
2024-12-12,3835.08,3989.22,3799.19,3882.68,155214.19673209
2024-12-13,3882.62,3969.32,3854,3907.87,122136.22549054
2024-12-14,3907.7,3945.29,3824.44,3869.25,47709.20178216
2024-12-15,3869.5,3973.71,3831.09,3957.7,56559.95110714
2024-12-16,3957.7,4109,3881.93,3987.6,189528.18368088
2024-12-17,3987.59,4041.76,3848.76,3893.54,125248.61133174
2024-12-18,3893.44,3907.71,3615.79,3624.84,187093.0728241
2024-12-19,3624.92,3718.3,3322.19,3414.35,304672.23375305
2024-12-20,3414.35,3497.29,3095.65,3470.47,318980.65790952
2024-12-21,3470.47,3553.49,3291.31,3337.09,95122.34009357
2024-12-22,3337.05,3400.23,3217.84,3278.6,72542.86862482
2024-12-23,3278.69,3462.14,3213.85,3418.12,176709.65124672
2024-12-24,3418.12,3537.52,3353.08,3491.13,103337.99180753
2024-12-25,3491.13,3543.83,3437.42,3493.95,41327.45699372
2024-12-26,3494.36,3512.49,3301.06,3330.86,103793.19567204
2024-12-27,3331.17,3437.87,3301.27,3328.6,121870.90269822
2024-12-28,3328.34,3421.11,3317.12,3397.87,35155.97941995
2024-12-29,3397.86,3408.32,3320,3350.23,30260.81890531
2024-12-30,3350.24,3430,3293.1,3355.66,98737.16292017
2024-12-31,3355.44,3447,3310,3330.32,94223.76498048
2025-01-01,3330.52,3366.83,3308.2,3353.32,113635.9777943
2025-01-02,3353.32,3506.11,3347.19,3452.39,86207.50853825
2025-01-03,3452.39,3629.9,3420.62,3607.68,102329.32252706
2025-01-04,3607.68,3670.34,3571.29,3656.4,49524.86729196
2025-01-05,3656.4,3674.92,3593.46,3635.46,36837.72295697
2025-01-06,3635.48,3746,3609.58,3688.74,106106.62657887
2025-01-07,3688.73,3702.24,3356,3380.29,149342.34303939
2025-01-08,3380.32,3414.59,3206.95,3326.29,130070.303195
2025-01-09,3326.51,3356.78,3157,3218.81,128267.34648667
2025-01-10,3219.2,3321.91,3194.4,3266.53,115536.39025356
2025-01-11,3266.37,3318.91,3217.61,3282.01,31509.24900704
2025-01-12,3282,3298.2,3223.07,3266.02,39914.90204276
2025-01-13,3266.09,3336.26,2913.75,3136.08,175346.06715095
2025-01-14,3136.65,3256.46,3124.2,3223.97,99770.14179138
2025-01-15,3224.35,3475.14,3185.25,3451.58,148647.52185627
2025-01-16,3451.57,3460.6,3262.69,3307.73,136122.61797511
2025-01-17,3307.83,3527,3307.09,3475.47,150453.58019826
2025-01-18,3475.54,3496.48,3224.29,3304.07,151938.03835066
2025-01-19,3304.09,3445,3125.45,3210.03,298299.62598353
2025-01-20,3211.85,3448,3139.61,3280.4,290972.59781939
2025-01-21,3280.43,3368,3200.98,3327.57,151693.96697671
2025-01-22,3327.56,3366.1,3220.01,3241.35,92936.50329584
2025-01-23,3241.35,3349.15,3181.94,3338.67,143070.07538594
2025-01-24,3339.26,3428.25,3275.41,3309.72,156732.03584317
2025-01-25,3309.83,3350.27,3269.06,3318.37,54942.68192937
2025-01-26,3318.38,3361.16,3227.68,3231.48,73002.88372238
2025-01-27,3231.31,3253.54,3001,3181.93,210052.48844331
2025-01-28,3182.06,3223.56,3037.75,3076.06,114845.18340866
2025-01-29,3076.05,3181.99,3053.94,3114.03,146256.01605527
2025-01-30,3114.03,3283.5,3090.89,3247.48,115394.80466779
2025-01-31,3247.32,3438.96,3213.36,3299.99,175027.24810392
2025-02-01,3300,3330.9,3101.28,3116.78,78248.09835402
2025-02-02,3116.44,3162.35,2750,2869.25,185502.0852722
2025-02-03,2869.69,2924.6,2150,2883.62,740839.23312985
2025-02-04,2883.1,2891.9,2633.67,2732.07,364753.54972783
2025-02-05,2732.07,2827.94,2699.6,2788.3,192546.34864221
2025-02-06,2788.56,2858.92,2656.53,2687.1,169430.89789344
2025-02-07,2687.18,2799.59,2563,2622.95,182738.50499497
2025-02-08,2623.02,2668.11,2588.13,2632.62,128631.57438449
2025-02-09,2633.12,2698.72,2522.16,2627.87,91400.38607088
2025-02-10,2627.82,2694.49,2560.35,2661.87,109998.03360165
2025-02-11,2661.84,2725.74,2560.49,2602.03,129799.77478026
2025-02-12,2602.08,2796.89,2548,2738.58,162873.98962217
2025-02-13,2738.84,2758.18,2613.25,2676.09,127721.98336554
2025-02-14,2676.29,2793.44,2664.64,2726.32,128927.50134811
2025-02-15,2726.36,2739.55,2664.22,2693.58,40084.20408191
2025-02-16,2693.58,2726.58,2652.55,2661.51,52326.61083108
2025-02-17,2661.51,2849.53,2638.43,2744.1,137419.86385484
2025-02-18,2744.11,2756.5,2604.48,2670.59,133442.2018924
2025-02-19,2670.57,2736.29,2654.68,2715.27,100984.73251454
2025-02-20,2715.3,2771.9,2707.15,2738.65,88538.81529699
2025-02-21,2738.64,2846.53,2614.08,2661.69,298706.61877983
2025-02-22,2661.68,2797.81,2652.08,2763.5,83103.0458881
2025-02-23,2763.53,2855.23,2745.5,2819.63,95606.18967107
2025-02-24,2819.77,2839.81,2471.74,2513.35,199034.77624736
2025-02-25,2513.33,2530.99,2319.86,2492.37,367833.55676734
2025-02-26,2492.54,2504.18,2251.01,2332.93,225247.77404589
2025-02-27,2332.98,2379.47,2227.04,2305.21,161479.6523548
2025-02-28,2305.41,2312.05,2073.34,2236.36,349901.13722453
2025-03-01,2236.74,2280.48,2142.04,2216.51,87043.0102361
2025-03-02,2216.82,2551.49,2172.59,2518.39,315998.58200778
2025-03-03,2518.4,2523.84,2094.27,2147.53,322327.3085523
2025-03-04,2147.64,2222.15,1991.21,2170.92,432432.0996775
2025-03-05,2171,2273.29,2154.64,2241.53,165354.51710988
2025-03-06,2241.63,2320,2176,2202.42,155071.09381971
2025-03-07,2202.03,2258.02,2102.21,2140.81,262699.28057767
2025-03-08,2140.81,2234.05,2104.67,2203.03,57548.29986961
2025-03-09,2203.03,2211.66,1988.3,2020.02,127517.5417569
2025-03-10,2020.02,2152.48,1809.49,1864.12,362167.30853475
2025-03-11,1864.52,1962.83,1754.13,1923.08,340034.80127314
2025-03-12,1923.02,1956.15,1829.49,1907.93,227178.14493919
2025-03-13,1907.88,1922.09,1820.86,1863.81,156763.1076532
2025-03-14,1863.8,1946,1860.46,1911.65,95560.30533948
2025-03-15,1911.55,1957.51,1903.69,1937.61,37624.28395569
2025-03-16,1937.4,1940.96,1860.49,1886.8,50658.46951025
2025-03-17,1886.79,1952.24,1879.8,1926.28,80268.22626745
2025-03-18,1926.2,1935.7,1871.64,1931.25,98061.93923964
2025-03-19,1931.24,2070.6,1927.63,2057.06,196188.24544574
2025-03-20,2056.93,2068.58,1951.12,1982.67,117335.61367471
2025-03-21,1982.45,1995.27,1936,1964.98,82472.92563047
2025-03-22,1965.04,2005.99,1963.76,1980.35,40334.50630982
2025-03-23,1980.43,2020.54,1976.6,2005.97,48751.22482465
2025-03-24,2006.14,2104.21,1977.42,2081.62,140535.73445256
2025-03-25,2081.61,2098.11,2037.39,2066.78,78429.61811816
2025-03-26,2066.75,2079.35,1981.4,2009.72,122121.17620874
2025-03-27,2009.65,2037.61,1986.83,2003.32,85676.54038226
2025-03-28,2003.18,2015.78,1860.86,1896.23,231796.08413787
2025-03-29,1896.21,1912.8,1797.51,1827.39,103414.81225118
2025-03-30,1827.43,1848.27,1767.1,1807.31,100497.70390842
2025-03-31,1807.51,1854.2,1776.43,1822.03,139811.10321108
2025-04-01,1822.05,1928.2,1817.71,1905.13,145912.60901118
2025-04-02,1905.13,1956.55,1781.21,1794.7,257321.35292484
2025-04-03,1794.77,1845.09,1750,1816.36,186281.09068551
2025-04-04,1816.33,1835.49,1758.5,1816.39,215577.6441354
2025-04-05,1816.34,1826.71,1764.1,1805.09,40241.31817836
2025-04-06,1805.16,1816.28,1535.06,1579.77,269650.3588939
2025-04-07,1579.8,1638.82,1411,1552.64,698812.70148075
2025-04-08,1552.37,1618.25,1444.37,1471.94,261089.46902982
2025-04-09,1472.11,1688.99,1383.26,1669.27,398819.27794972
2025-04-10,1669.15,1669.52,1471.63,1521.51,228219.61361863
2025-04-11,1521.08,1590.84,1504,1566.13,143453.42676045
2025-04-12,1565.95,1668.88,1544.36,1643.85,87012.16952171
2025-04-13,1643.82,1649.37,1562,1597.04,111889.23396001
2025-04-14,1597.04,1691,1595.06,1624.03,130644.29007707
2025-04-15,1623.61,1660.98,1583.15,1588.64,112545.45377041
2025-04-16,1588.48,1613.22,1538.02,1577.27,119238.8795804
2025-04-17,1577.3,1616.85,1562.35,1583.83,92253.60889083
2025-04-18,1583.86,1600.74,1573.7,1588.57,37357.55064718
2025-04-19,1588.61,1630.98,1585.02,1612.87,48914.4709325
2025-04-20,1612.97,1619.14,1565.64,1587.32,64780.491809
2025-04-21,1587.42,1658.55,1563.06,1579.55,143500.37227559
2025-04-22,1579.54,1778.92,1538.75,1757,332380.92058947
2025-04-23,1757.09,1835.74,1746.09,1795.92,267882.65660226
2025-04-24,1795.81,1803.33,1723.01,1770.41,161354.7148951
2025-04-25,1770.42,1828.9,1740,1785.95,191388.58108656
2025-04-26,1785.8,1841.66,1779.84,1821.6,75293.67103679
2025-04-27,1821.77,1857.85,1782.9,1791.88,68093.85600352
2025-04-28,1791.89,1829,1744.9,1800.26,208134.44795148
2025-04-29,1800.31,1843.28,1780.6,1798.21,144125.8069908
2025-04-30,1798.2,1817.43,1732.44,1793.79,132367.23008547
2025-05-01,1793.92,1874.48,1792.67,1838.82,139494.50395249
2025-05-02,1838.78,1871.95,1813.43,1842.98,93279.26608996
2025-05-03,1842.98,1849.27,1810.38,1834.03,45010.41020982
2025-05-04,1834.11,1850.21,1803.01,1809,40428.72920351
2025-05-05,1808.82,1833.51,1781.7,1820.15,85196.59584097
2025-05-06,1820.2,1820.64,1751.45,1817.06,91421.48339979
2025-05-07,1817.06,1850.94,1787.01,1811.35,138712.13157438
2025-05-08,1811.36,2225.52,1808.61,2207.09,329557.78516842
2025-05-09,2206.84,2490.66,2184.39,2345.29,367944.3292584
2025-05-10,2345.42,2600.6,2317.73,2583.8,190174.27767839
2025-05-11,2583.09,2609,2436.47,2514.79,143648.21932596
2025-05-12,2514.79,2625,2407.41,2495.83,246104.50649036
2025-05-13,2495.61,2739.05,2415.65,2679.88,209696.06797506
2025-05-14,2679.82,2725,2547.75,2610.31,176653.34640214
2025-05-15,2610.47,2647.1,2475,2548.84,162116.56760589
2025-05-16,2549.16,2648.88,2530.31,2538.02,122465.4564135
2025-05-17,2537.9,2539.48,2446.89,2476.11,78215.46124074
2025-05-18,2476.11,2588.25,2323,2498.24,134969.08574025
2025-05-19,2498.63,2547.73,2349.73,2528.71,216868.76047746
2025-05-20,2529.28,2588.58,2444.4,2525.05,129646.38919276
2025-05-21,2525.05,2617.15,2452.79,2551.73,218788.745073
2025-05-22,2552.12,2692.99,2545.4,2665.39,196307.76694511
2025-05-23,2665.59,2734.04,2500,2527.02,201851.50906055
2025-05-24,2526.83,2577.57,2515.72,2530.99,40630.87226987
2025-05-25,2531.34,2555.3,2463.37,2552.32,58254.46870874
2025-05-27,2564.71,2713.78,2510.54,2662.04,166072.34229434
2025-05-28,2662.18,2690.33,2609.9,2682.16,115559.76273561
2025-05-29,2682.44,2789.5,2618.88,2631.68,191128.81924232
2025-05-30,2631.41,2649.91,2507.8,2531.94,129873.34038728
2025-05-31,2531.92,2551.67,2476.84,2529.31,51370.13572435
2025-06-01,2529.31,2550,2470.5,2540.38,53153.06712416
2025-06-02,2540.4,2616.87,2476.13,2609.29,127353.9733552
2025-06-03,2609.29,2657.74,2575.75,2595.03,175792.32687578
2025-06-04,2595.03,2681,2584.05,2609.07,105615.84491827
2025-06-05,2609.19,2642.53,2392.16,2415.34,205698.4186583
2025-06-06,2415.31,2533.09,2384,2478.24,127162.33645658
2025-06-07,2478.38,2545,2457.88,2526.14,35850.95849949
2025-06-08,2525.94,2549.57,2492.84,2510.78,33630.83013396
2025-06-09,2510.77,2695.2,2479.09,2681.29,117024.8957477
2025-06-10,2681.25,2827.18,2657.11,2816.5,268557.67044312
2025-06-11,2816.69,2880,2743,2772.39,179356.72494173
2025-06-12,2772.39,2785.93,2615,2643.8,152072.49988479
2025-06-13,2643.81,2646.79,2439.17,2580.21,283876.86464992
2025-06-14,2580.25,2580.86,2490,2531.97,67625.03115586
2025-06-15,2531.98,2559.94,2492.42,2548.03,48636.95574774
2025-06-16,2547.95,2681.97,2515.23,2545.27,177468.3139788
2025-06-17,2545.41,2619.44,2454,2510.7,163609.0001351
2025-06-18,2510.64,2548.52,2466.38,2525.54,92285.01272137
2025-06-19,2525.49,2548.35,2485.37,2521.52,51487.65047448
2025-06-20,2521.79,2569.2,2367.58,2407.2,140932.28117073
2025-06-21,2407.2,2449.05,2217.06,2297.28,107608.7542578
2025-06-22,2297.26,2315.15,2113,2228.46,224937.83363588
2025-06-23,2228.46,2440,2189.11,2413,219164.75168992
2025-06-24,2412.81,2483.38,2377.79,2449.87,156696.78441766
2025-06-25,2449.74,2470.19,2391.15,2420.09,123451.65827947
2025-06-26,2420.09,2521.67,2395,2417.4,114621.88775791
2025-06-27,2417.21,2464.69,2381.26,2424.2,96456.08851832
2025-06-28,2424.24,2448.97,2407.03,2437.08,29496.9317339
2025-06-29,2437.08,2526.27,2413.36,2500.69,47090.69337747
2025-06-30,2500.7,2524.85,2433.97,2486.15,115164.67938137
2025-07-01,2486.16,2501.45,2386.96,2405.32,78850.04742822
2025-07-02,2405.41,2619.98,2372.62,2571.13,167801.93789726
2025-07-03,2571.13,2637.96,2557.21,2592.13,115059.14879727
2025-07-04,2592.14,2603.7,2475,2508.8,77877.16679488
2025-07-05,2508.79,2530.42,2488.4,2517.01,22282.7328538
2025-07-06,2517.02,2605.38,2504.27,2570.84,41033.07311666
2025-07-07,2570.81,2591.15,2512.76,2542.38,79624.16907512
2025-07-08,2542.39,2628.95,2523.58,2616.52,100288.23984643
2025-07-09,2616.35,2797.83,2590.47,2769.83,186502.61069478
2025-07-10,2769.83,3000,2756.22,2951.22,236543.69036785
2025-07-11,2951.87,3040.8,2913.58,2959.12,230285.8494589
2025-07-12,2959.22,2981.01,2905.29,2944.37,63678.56454793
2025-07-13,2944.48,3022,2937,2973.38,70227.25148441
2025-07-14,2973.48,3083.52,2964.2,3014.53,192451.97265422
2025-07-15,3014.41,3144.81,2933,3138.01,179476.73196827
2025-07-16,3138.79,3425.89,3101.25,3373.12,292334.52407204
2025-07-17,3373.2,3526.73,3311.01,3479.77,274593.74925785
2025-07-18,3479.78,3677.4,3461.68,3549.67,337824.83515568
2025-07-19,3549.66,3610.85,3508.66,3594.3,83316.75149516
2025-07-20,3594.31,3825.36,3581.22,3758.6,146787.12978622
2025-07-21,3758.66,3860.8,3703.76,3763.75,221705.85764009
2025-07-22,3763.75,3801.63,3617.47,3748.62,225021.75942135
2025-07-23,3748.62,3766.79,3528.43,3630.34,211546.24270422
2025-07-24,3630.41,3775,3507.78,3708.6,224420.86882496
2025-07-25,3708.88,3747.76,3574.39,3725.84,217042.92308788
2025-07-26,3725.84,3795,3699.02,3743.06,72302.973587
2025-07-27,3743.05,3880.23,3731.71,3873.92,77968.55076879
2025-07-28,3873.92,3941.86,3753.15,3799.46,199027.60346952
2025-07-29,3799.44,3886.01,3715.14,3793.4,138313.68335934
2025-07-30,3793.5,3833.68,3676.67,3810.44,119425.78709017
2025-07-31,3810.45,3878.32,3680.01,3698.07,101490.47064491
2025-08-01,3697.85,3724.7,3429.44,3486.39,214413.30257873
2025-08-02,3486.29,3536.77,3368.03,3392.8,125995.90627221
2025-08-03,3392.81,3521.96,3354.56,3497.31,56152.10527646
2025-08-04,3497.31,3737.27,3491.5,3720.87,128256.57360012
2025-08-05,3720.86,3721.53,3546.05,3611.57,114099.28155356
2025-08-06,3611.79,3699.81,3563.44,3683.8,123751.95784805
2025-08-07,3683.78,3928.65,3647.87,3911.28,215879.45364256
2025-08-08,3910.92,4071.21,3880.19,4011,283924.61832068
2025-08-09,4010.72,4326.34,4007.14,4262.46,201072.28837789
2025-08-10,4262.45,4333.13,4161.16,4251.91,135684.68640911
2025-08-11,4251.89,4365.97,4165.86,4224.48,256938.33538629
2025-08-12,4224.45,4638,4219.92,4589.88,344450.27634218
2025-08-13,4589.71,4786.36,4562.87,4751.46,324934.36944854
2025-08-14,4751.54,4792,4446.15,4550.59,344363.7591017
2025-08-15,4550.83,4671.6,4370,4442.56,241688.82570246
2025-08-16,4442.55,4495.15,4376.02,4425.13,81370.11239552
2025-08-17,4425.49,4577.71,4397.65,4475.47,104186.64462627
2025-08-18,4475.47,4484.57,4227.01,4315.37,224168.99724414
2025-08-19,4315.95,4356.88,4066.2,4075.89,266984.37093954
2025-08-20,4075.13,4378.23,4062.24,4336.41,204393.53249278
2025-08-21,4336.42,4340.41,4203.81,4224.43,135477.16502351
2025-08-22,4224.17,4886.1,4204.86,4831.24,382321.64289869
2025-08-23,4830.18,4830.91,4660.55,4776.73,97399.85594592
2025-08-24,4776.73,4955.9,4710,4779.87,158333.15493157
2025-08-25,4779.52,4797.7,4335.66,4377.02,257426.71057578
2025-08-26,4377.02,4634.71,4311.68,4601.64,241823.89422103
2025-08-27,4601.63,4664.43,4481.39,4506.95,182804.11996722
2025-08-28,4506.95,4635,4428,4511.3,139168.54135212
2025-08-29,4511.3,4516.95,4268,4360.2,187412.576106
2025-08-30,4360.21,4415.29,4257.17,4374.58,66655.29676488
2025-08-31,4374.48,4498.95,4373.06,4391.91,83463.56830359
2025-09-01,4391.9,4490,4209.01,4314.76,119463.39453363
2025-09-02,4314.87,4417.24,4256.27,4326.57,144877.84602714
2025-09-03,4326.52,4495.45,4283.09,4452.4,143077.06609651
2025-09-04,4452.39,4484.7,4265.3,4298.37,177760.02779911
2025-09-05,4298.09,4490,4253,4307.65,209546.87120895
2025-09-06,4307.65,4328.69,4237.13,4274.15,41875.25454685
2025-09-07,4274.24,4336.44,4270.13,4305.56,37354.50429946
2025-09-08,4305.01,4384.24,4278.78,4305.84,135970.0065259
2025-09-09,4305.85,4382.03,4276.33,4309.93,110554.67476563
2025-09-10,4309.94,4454.5,4283.77,4350,133832.27705062
2025-09-11,4350.38,4480.92,4339.12,4460.51,128739.9909512
2025-09-12,4460.52,4744.75,4452.17,4714.66,195085.25198337
2025-09-13,4714.66,4768.6,4607,4669,74925.80480158
2025-09-14,4669,4694.53,4579.44,4605.93,46791.47622757
2025-09-15,4605.93,4672,4464.68,4524.56,117720.34314937
2025-09-16,4524.68,4538.85,4425,4502.7,119821.33855279
2025-09-17,4502.7,4619.18,4416.02,4592.17,164384.79307111
2025-09-18,4592.17,4646.81,4555.02,4589.4,125688.22234093
2025-09-19,4589.4,4622.25,4437.45,4471,97288.06053699
2025-09-20,4470.99,4513.01,4456.79,4482.69,39081.2744386
2025-09-21,4482.43,4501.1,4445.26,4447.03,37295.56770455
2025-09-22,4447.34,4458,4058.85,4202.42,211133.84496602
2025-09-23,4202.3,4233,4117.78,4165.19,100228.30178808
2025-09-24,4165.18,4208.22,4076,4153.9,83346.81253793
2025-09-25,4153.9,4162.65,3825,3875.7,282687.98643677
2025-09-26,3875.74,4071.17,3869.14,4034.27,155666.90690747
2025-09-27,4034.2,4040.95,3974.5,4020.35,41729.01532417
2025-09-28,4020.34,4145.96,3967.22,4143.25,61349.14384314
2025-09-29,4143.36,4239.99,4084,4217.25,111587.56348085
2025-09-30,4217.16,4248.99,4093,4145.99,112394.45769006
2025-10-01,4145.98,4358.96,4123.35,4350.52,151382.25097815
2025-10-02,4350.52,4521.03,4335.01,4487.49,153389.71044144
2025-10-03,4487.3,4596.19,4430.08,4515.89,194121.46395236
2025-10-04,4515.89,4521.34,4442.6,4490.01,51384.17568724
2025-10-05,4489.86,4619.31,4469.69,4515.4,85645.8875434
2025-10-06,4515.4,4739.46,4489.11,4686.32,180142.07592977
2025-10-07,4686.33,4759.16,4432.47,4449.8,198779.53212198
2025-10-08,4449.81,4559.89,4411.13,4527.3,133876.75247388
2025-10-09,4526.93,4532.97,4266.83,4370.9,141076.62781726
2025-10-10,4370.72,4397.03,3510,3836.15,386709.49939687
2025-10-11,3836.89,3887.34,3648.28,3750.6,155467.48573337
2025-10-12,3750.8,4200.28,3698.71,4156.21,151733.45389149
2025-10-13,4156.38,4295.57,4045.49,4244.69,153339.31784774
2025-10-14,4244.69,4267.41,3892.16,4126.39,243536.31872992
2025-10-15,4126.26,4218.58,3930.31,3987.53,157726.70619812
2025-10-16,3987.28,4090,3826.72,3894.91,161382.6010111
2025-10-17,3895,3952.8,3673.64,3832.99,202879.86788105
2025-10-18,3832.86,3930.25,3820.14,3890.4,45567.63757722
2025-10-19,3890.4,4032.4,3829.23,3983.89,89989.11920544
2025-10-20,3984.11,4086,3908.36,3980.42,100967.70620232
2025-10-21,3980.43,4113.15,3838.88,3874.57,167898.09575775
2025-10-22,3874.8,3891.6,3711.49,3806.12,144557.44893026
2025-10-23,3806.25,3936.1,3796.77,3858.41,112678.89994476
2025-10-24,3858.41,4024.31,3847.36,3936.1,122248.90258364
2025-10-25,3936.1,3965.44,3911.88,3954.52,25280.14115745
2025-10-26,3954.5,4178.82,3919.34,4158.81,65472.37802493
2025-10-27,4159.05,4254.23,4094.72,4120.1,131419.43492108
2025-10-28,4120,4177.54,3931.8,3980.25,112997.59147629
2025-10-29,3980.2,4038.7,3838,3904.2,118300.54341506
2025-10-30,3904.17,3949.34,3676.04,3804.02,139553.89852977
2025-10-31,3804.24,3903.62,3795.51,3845.79,123546.29718716
2025-11-01,3846.44,3908.94,3829.2,3872.16,26667.45704268
2025-11-02,3872.07,3916.5,3838.27,3905.97,31963.95389787
2025-11-03,3906.01,3914.06,3552.4,3602.88,167062.25570553
2025-11-04,3602.88,3653.6,3055,3286.21,314015.40004056
2025-11-05,3286.41,3481.76,3165.58,3423.89,205596.700027
2025-11-06,3423.9,3455.93,3243.6,3313.46,188062.26831086
2025-11-07,3313.47,3472.1,3191.02,3433.71,175288.79692612
2025-11-08,3433.92,3487.39,3354.41,3400.46,75557.97738948
2025-11-09,3400.47,3622.45,3356.85,3582.92,97906.75276072
2025-11-10,3582.92,3658.38,3505.14,3566.49,124625.79870813
2025-11-11,3566.41,3647.38,3403.41,3416.54,122912.10083045
2025-11-12,3416.54,3587.94,3371.59,3414.06,130120.8908459
2025-11-13,3414.06,3564.4,3150,3229.65,207375.27877133
2025-11-14,3229.68,3255,3067.74,3109.49,193349.98553734
2025-11-15,3109.89,3228.54,3108.21,3166.3,60465.46978573
2025-11-16,3166.3,3246.44,3001.13,3092.25,113366.47629324
2025-11-17,3092.24,3221.13,2955.01,3027.89,195102.07233124
2025-11-18,3027.89,3168.98,2943.75,3121.74,200616.77009048
2025-11-19,3121.5,3124.1,2868.5,3023.1,245497.12319725
2025-11-20,3023.11,3061.05,2786.9,2830.59,215908.80878084
2025-11-21,2830.31,2882.31,2620,2763.99,289458.97165947
2025-11-22,2763.99,2797.86,2702.71,2768.5,93138.03438977
2025-11-23,2768.4,2857.19,2766.72,2801.14,103122.45973534
2025-11-24,2801.14,2985.82,2762,2952.59,183914.24759294
2025-11-25,2952.58,2979,2854.98,2958.17,129153.15107452
2025-11-26,2958.17,3044.78,2887.88,3026.43,105309.10876742
2025-11-27,3026.34,3071.58,2983.79,3014.86,73449.92905273
2025-11-28,3014.9,3099,2993.63,3031.86,128095.41347223
2025-11-29,3031.86,3053.53,2963,2990.31,59997.88078648
2025-11-30,2990.3,3053.78,2976.98,2991.9,42972.80053891
2025-12-01,2991.68,3000.07,2716.82,2798.3,173487.80302209
2025-12-02,2798.25,3034.84,2781.87,2996.7,128062.03226086
2025-12-03,2996.6,3214.99,2986.28,3189.79,166820.22275226
2025-12-04,3189.8,3241.57,3067.09,3134.13,146083.73369148
2025-12-05,3134.09,3194.24,2985.36,3022.61,139256.13602594
2025-12-06,3022.51,3068.83,3012.66,3039.13,36886.93732815
2025-12-07,3039.12,3150.2,2910.08,3061,73740.78542865
2025-12-08,3060.71,3180,3040.27,3124.93,118930.55246979
2025-12-09,3124.93,3398,3090.92,3318.54,135391.03238959
2025-12-10,3318.24,3477.44,3288.78,3325.02,124648.6028813
2025-12-11,3325.26,3328.54,3145.53,3237.4,144773.67579285
2025-12-12,3237.7,3266.95,3045.3,3084.91,120880.53475436
2025-12-13,3084.91,3135.78,3079.05,3115,33885.15056189
2025-12-14,3115,3130.35,3025.14,3063.3,52828.2429336
2025-12-15,3063.44,3178,2893.38,2964.4,188580.10039244
2025-12-16,2964.51,2981.8,2878.01,2961.96,108885.75640921
2025-12-17,2961.99,3028.99,2790.01,2832.25,153896.3781066
2025-12-18,2832.25,2995.99,2773.42,2826.57,150314.12370061
2025-12-19,2826.57,3017.41,2806.9,2978.03,120797.81921161
2025-12-20,2977.95,2992.98,2964.43,2976.6,22537.36877657
2025-12-21,2976.7,3012.25,2943,3001.42,38659.49857414
2025-12-22,3001.37,3075.84,2962.08,3007.69,97545.57724577
2025-12-23,3007.62,3033.98,2900,2962.85,87383.52700078
2025-12-24,2962.71,2976.3,2886.35,2945.07,73342.07583396
2025-12-25,2944.96,2969.34,2889.03,2902.34,31419.70884907
2025-12-26,2902.34,2991.8,2892.35,2925.43,65611.25452567
2025-12-27,2925.58,2958.84,2915.39,2946.6,17100.49298785
2025-12-28,2946.34,2958.89,2923.24,2948.92,20908.58592207
2025-12-29,2948.91,3054.7,2907.07,2934.19,88554.14320991
2025-12-30,2934.18,3005.9,2915.01,2970.42,113086.56309377
2025-12-31,2970.42,3024.29,2958.07,2966.84,84906.66933587
2026-01-01,2966.68,3006.97,2966.2,3000.41,31274.2034847
2026-01-02,3000.41,3148.99,2988.41,3125.24,156570.8612605
2026-01-03,3124.62,3135.93,3075.2,3125.43,39093.70486454
2026-01-04,3125.53,3166.32,3117.71,3143.14,45533.73655067
2026-01-05,3143.15,3264.66,3132.79,3225.19,116202.42497422
2026-01-06,3225.19,3307.72,3181.62,3295.59,120521.49963554
2026-01-07,3295.58,3295.83,3121.68,3165.64,120187.64882991
2026-01-08,3165.67,3182,3050.2,3104.3,123784.90554436
2026-01-09,3104.29,3145.01,3053.69,3084.31,105429.69239068
2026-01-10,3084.3,3101.47,3074,3082.39,21670.68894315
2026-01-11,3082.4,3142.41,3080.29,3118.65,38157.04305369
2026-01-12,3118.82,3167.27,3062.02,3091.94,88338.00436696
2026-01-13,3091.94,3375,3087.93,3323.38,130752.63257942
2026-01-14,3323.37,3405.03,3278.45,3354.82,168871.62431704
2026-01-15,3354.82,3384.32,3270.58,3317.98,137640.67755377
2026-01-16,3317.98,3326.59,3250.83,3294.88,87030.08309374
2026-01-17,3294.87,3329.02,3282.3,3309.33,20339.38672031
2026-01-18,3309,3367.65,3276.92,3282.55,34435.3169577
2026-01-19,3282.5,3282.71,3162.86,3187.51,83088.29353263
2026-01-20,3187.17,3198.16,2912.52,2936.5,128671.13095088
2026-01-21,2936.5,3066.65,2863.4,2979.6,168165.2321748
2026-01-22,2979.59,3035.84,2902.91,2949.36,118196.4248216
2026-01-23,2949.36,3015,2888.01,2952.77,103986.36773647
2026-01-24,2952.76,2966.14,2939.8,2948.86,29942.09293195
2026-01-25,2948.85,2956.13,2783.26,2814.28,100921.28333024
2026-01-26,2814.19,2948.49,2809.43,2926.85,135029.2158281
2026-01-27,2926.89,3031.39,2895.61,3021.91,114381.14515769
2026-01-28,3021.9,3041.67,2979.21,3006.17,108171.16245197
2026-01-29,3006.17,3009.5,2750.36,2817.79,177140.15522134
2026-01-30,2817.78,2824.54,2632.39,2702.69,206345.03143941
2026-01-31,2702.68,2710.09,2238.74,2449.36,236036.47844218
2026-02-01,2449.44,2473.86,2218.57,2268.18,168839.93353968
2026-02-02,2268.24,2395.59,2156.25,2345.11,296747.25726593
2026-02-03,2344.8,2357.76,2108.24,2230.48,330270.90869692
2026-02-04,2230.48,2292.56,2072.57,2143.57,320920.4352572
2026-02-05,2143.2,2169.01,1814.19,1823.2,464003.04620229
2026-02-06,1823.11,2092.83,1742.79,2061.95,451365.13255963
2026-02-07,2061.95,2119.74,1993.46,2086.17,192545.45852236
2026-02-08,2086.19,2150,2064.96,2088.42,121252.98101963
2026-02-09,2088.36,2146.76,2006.88,2103.83,228127.87563129
2026-02-10,2103.83,2123.22,1988,2021.71,213966.420435
2026-02-11,2021.7,2031.41,1901.31,1939.45,227202.64243775
2026-02-12,1939.9,2000.29,1895.56,1946.11,172231.12506456
2026-02-13,1946.11,2072.06,1923.2,2047.48,216798.30582469
2026-02-14,2047.58,2106.41,2041.04,2085.4,70592.89786878
2026-02-15,2085.47,2101.78,1927.48,1965.36,123812.19170979
2026-02-16,1965.48,2022.48,1936.44,1997.28,97967.28653274
2026-02-17,1997.28,2015.5,1940.16,1990.83,164705.51966895
2026-02-18,1990.84,2038.2,1922.59,1955.01,176455.34215612
2026-02-19,1955.04,1986.59,1905.12,1948.16,134714.77993462
2026-02-20,1948.19,1981.39,1922.31,1968.13,151107.68969076
2026-02-21,1968.14,1995,1955.04,1973,47046.21307684
2026-02-22,1972.93,1982.78,1934.04,1956.84,54638.7090849
2026-02-23,1956.96,1958.13,1836.96,1855.52,220044.05459508
2026-02-24,1855.53,1868.92,1800.09,1851.94,198610.32724686
2026-02-25,1852,2148.44,1845.98,2057.71,303193.14292721
2026-02-26,2057.7,2083.57,1975.11,2027.9,205616.57814145
2026-02-27,2027.59,2063.99,1887.04,1929.61,237872.58254425
2026-02-28,1929.61,1984.9,1835.46,1964.71,129828.80621692
2026-03-01,1964.7,2054.56,1907.99,1939.68,142846.49675678
2026-03-02,1939.67,2089.49,1920,2027.49,278981.4823567
2026-03-03,2027.59,2041.93,1927.75,1982.87,227239.66987917
2026-03-04,1982.96,2200,1942.58,2127.61,297238.17060263
2026-03-05,2127.6,2164.34,2054.4,2072.99,207407.42726199
2026-03-06,2073.19,2093.4,1955.49,1978.49,240275.16118635
2026-03-07,1978.49,1996.51,1948.09,1969.61,54989.61283322
2026-03-08,1969.61,2008.09,1911.64,1936.93,143369.8237907
2026-03-09,1936.97,2054.09,1929.61,1993.19,214052.9464571
2026-03-10,1993.18,2088.83,1991.09,2036.8,175603.57671898
2026-03-11,2037,2086.49,2007,2052.25,166606.19178915
2026-03-12,2052.42,2058.47,2043.39,2051.59,5102.06442415
